Annotations,Speaker,Utterance,,,,
,@UTF8,,,,,
,@PID,11312/c-00016056-1,,,,
,@Begin,,,,,
,@Languages,eng,,,,
,@Participants,"BOB Target_Child, CHI Target_Child",,,,
,@Options,multi,,,,
,@ID,eng|Garvey|BOB|4;11.|male|||Target_Child|||,,,,
,@ID,eng|Garvey|CHI|5;00.|male|||Target_Child|||,,,,
,@Types,"cross, group, TD",,,,
POL,*BOB,oh I could drive Katie .,,,,
,%mor,intj|oh pron|I-Prs-Nom-S1 aux|could-Fin-S verb|drive-Inf-S noun|Katie .,,,,
,%gra,1|4|DISCOURSE 2|4|NSUBJ 3|4|AUX 4|5|ROOT 5|4|OBJ 6|4|PUNCT,,,,
,%com,"Bob excited , moves from car , pats Glo , turning wheel . Glo has gone to new bag of clothes",,,,
NOP,*CHI,okay oh a case [= purse] .,,,,
,%mor,intj|okay intj|oh det|a-Ind-Art noun|case .,,,,
,%gra,1|4|DISCOURSE 2|4|DISCOURSE 3|4|DET 4|4|ROOT 5|4|PUNCT,,,,
,%com,Glo has discovered case=purse with enthusiasm,,,,
NOP,*BOB,what ?,,,,
,%mor,pron|what-Int-S1 ?,,,,
,%gra,1|1|ROOT 2|1|PUNCT,,,,
NOP,*CHI,oh a case and jewelry in it .,,,,
,%mor,intj|oh det|a-Ind-Art noun|case cconj|and noun|jewelry adp|in pron|it-Prs-Acc-S3 .,,,,
,%gra,1|3|DISCOURSE 2|3|DET 3|7|ROOT 4|5|CC 5|3|CONJ 6|7|CASE 7|3|NMOD 8|3|PUNCT,,,,
,%com,Glo takes necklace out of purse,,,,
NOP,*BOB,yeah .,,,,
,%mor,intj|yeah .,,,,
,%gra,1|1|ROOT 2|1|PUNCT,,,,
NOP,*CHI,look Bob .,,,,
,%mor,verb|look-Fin-Imp-S noun|Bob .,,,,
,%gra,1|2|ROOT 2|1|OBJ 3|1|PUNCT,,,,
,%com,"with enthusiasm , holding up necklace Glo puts it on .",,,,
NOP,*BOB,what ?,,,,
,%mor,pron|what-Int-S1 ?,,,,
,%gra,1|1|ROOT 2|1|PUNCT,,,,
NOP,*CHI,let's play mothers and fathers .,,,,
,%mor,verb|let-Fin-Imp-S~pron|we-Prs-Acc-P1 verb|play-Inf-S noun|mother-Plur cconj|and noun|father-Plur .,,,,
,%gra,1|6|ROOT 2|1|OBJ 3|1|XCOMP 4|3|OBJ 5|6|CC 6|4|CONJ 7|1|PUNCT,,,,
,%com,it seems to trigger,,,,
NOP,*BOB,yeah &~d .,,,,
,%mor,intj|yeah .,,,,
,%gra,1|1|ROOT 2|1|PUNCT,,,,
POL,*BOB,I could be a father .,,,,
,%mor,pron|I-Prs-Nom-S1 aux|could-Fin-S aux|be-Inf-S det|a-Ind-Art noun|father .,,,,
,%gra,1|5|NSUBJ 2|5|AUX 3|5|COP 4|5|DET 5|5|ROOT 6|5|PUNCT,,,,
,%com,Bob turns wheel Glo walks around car puts on bracelet,,,,
,%par,<aft> driving noises,,,,
NOP,*CHI,xxx .,,,,
NOP,*BOB,oh I hafta stop there's a red light .,,,,
,%mor,intj|oh pron|I-Prs-Nom-S1 aux|hafta-Fin-Ind-Pres-S1 verb|stop-Inf-S pron|there-Int-S1~verb|be-Fin-Ind-Pres-S3 det|a-Ind-Art adj|red-Pos-S1 noun|light .,,,,
,%gra,1|4|DISCOURSE 2|4|NSUBJ 3|4|AUX 4|9|ROOT 5|6|EXPL 6|4|CCOMP 7|9|DET 8|9|AMOD 9|6|NSUBJ 10|4|PUNCT,,,,
,%com,<aft> no reply made,,,,
NOP,*BOB,now .,,,,
,%mor,adv|now .,,,,
,%gra,1|1|ROOT 2|1|PUNCT,,,,
,%com,<aft> Bob looks around and Glo returns to sack <aft> pause,,,,
NOP,*CHI,know it's just what am I s(up)posed to do .,,,,
,%mor,verb|know-Fin-Imp-S pron|it-Prs-Nom-S3~aux|be-Fin-Ind-Pres-S3 adv|just pron|what-Rel-S1 aux|be-Fin-Ind-Pres-S1 pron|I-Prs-Nom-S1 verb|suppose-Part-Past-S part|to verb|do-Inf-S .,,,,
,%gra,1|10|ROOT 2|5|NSUBJ 3|5|COP 4|5|ADVMOD 5|1|CCOMP 6|8|AUX 7|8|NSUBJ 8|5|ACL-RELCL 9|10|MARK 10|8|XCOMP 11|1|PUNCT,,,,
,%com,Glo at sack,,,,
NOP,*CHI,father your hat .,,,,
,%mor,noun|father pron|your-Prs-Gen-S2 noun|hat .,,,,
,%gra,1|3|NMOD-POSS 2|3|NMOD-POSS 3|3|ROOT 4|3|PUNCT,,,,
,%com,"only at now Glo turns to Bob , he smiles watches as she offers hat .",,,,
,%par,<aft> loud,,,,
NOP,*CHI,"oh , it's a new hat .",,,,
,%mor,intj|oh cm|cm pron|it-Prs-Nom-S3~aux|be-Fin-Ind-Pres-S3 det|a-Ind-Art adj|new-Pos-S1 noun|hat .,,,,
,%gra,1|7|DISCOURSE 2|7|PUNCT 3|7|NSUBJ 4|7|COP 5|7|DET 6|7|AMOD 7|7|ROOT 8|7|PUNCT,,,,
NOP,*BOB,yeah .,,,,
,%mor,intj|yeah .,,,,
,%gra,1|1|ROOT 2|1|PUNCT,,,,
POL,*CHI,here father .,uses name,,,
,%mor,adv|here noun|father .,,,,
,%gra,1|2|AMOD 2|2|ROOT 3|2|PUNCT,,,,
,%com,Glo puts it up to Bob's head,,,,
NOP,*BOB,what is it ?,,,,
,%mor,pron|what-Int-S1 aux|be-Fin-Ind-Pres-S3 pron|it-Prs-Nom-S3 ?,,,,
,%gra,1|3|ROOT 2|1|COP 3|1|NSUBJ 4|1|PUNCT,,,,
,%com,"he takes it and puts it on . not too interested , Glo return to sack",,,,
NOP,*BOB,yes a new .,,,,
,%mor,intj|yes det|a-Ind-Art noun|New .,,,,
,%gra,1|3|DISCOURSE 2|3|DET 3|3|ROOT 4|3|PUNCT,,,,
NOP,*CHI,it doesn't fit really .,,,,
,%mor,pron|it-Prs-Nom-S3 aux|do-Fin-Ind-Pres-S3~part|not verb|fit-Inf-S adv|really .,,,,
,%gra,1|4|NSUBJ 2|4|AUX 3|4|ADVMOD 4|5|ROOT 5|4|ADVMOD 6|4|PUNCT,,,,
,%com,Glo gets out curtain,,,,
NOP,*BOB,xxx .,,,,
,*CHI,oh .,,,,
,%mor,intj|oh .,,,,
,%gra,1|1|ROOT 2|1|PUNCT,,,,
,%tim,0,1,0,,
NOP,*BOB,the lady brought it [= hat] .,,,,
,%mor,det|the-Def-Art noun|lady verb|bring-Fin-Ind-Past-S3 pron|it-Prs-Acc-S3 .,,,,
,%gra,1|2|DET 2|3|NSUBJ 3|4|ROOT 4|3|OBJ 5|3|PUNCT,,,,
,%com,Bob now are on . this is comment on dress up clothes and maybe hat,,,,
NOP,*CHI,oh here's your tie .,,,,
,%mor,intj|oh adv|here~aux|be-Fin-Ind-Pres-S3 pron|your-Prs-Gen-S2 noun|tie .,,,,
,%gra,1|2|DISCOURSE 2|5|ROOT 3|2|COP 4|5|NMOD-POSS 5|2|NSUBJ 6|2|PUNCT,,,,
,%com,"Glo finds tie and brings it to Bob , puts it on him",,,,
NOP,*BOB,yeah .,,,,
,%mor,intj|yeah .,,,,
,%gra,1|1|ROOT 2|1|PUNCT,,,,
,%com,he accepts,,,,
POL,*BOB,thanks .,,,,
,%mor,noun|thanks .,,,,
,%gra,1|1|ROOT 2|1|PUNCT,,,,
,%com,pleased .,,,,
NOP,*CHI,goodbye old snake .,,,,
,%mor,verb|goodbye-Fin-Imp-S adj|old-Pos-S1 noun|snake .,,,,
,%gra,1|3|ROOT 2|3|AMOD 3|1|OBJ 4|1|PUNCT,,,,
,%com,Glo takes snake off car,,,,
NOP,*BOB,xxx .,,,,
NOP,*CHI,can baby come with you ?,,,,
,%mor,aux|can-Fin-S noun|baby verb|come-Inf-S adp|with pron|you-Prs-Acc-S2 ?,,,,
,%gra,1|3|AUX 2|3|NSUBJ 3|5|ROOT 4|5|CASE 5|3|OBL 6|3|PUNCT,,,,
,%com,"Glo goes to sofa , picks up baby doll and holds it up to bob",,,,
,%par,loud,,,,
NOP,*BOB,what ?,,,,
,%mor,pron|what-Int-S1 ?,,,,
,%gra,1|1|ROOT 2|1|PUNCT,,,,
NOP,*CHI,can baby come with ya ?,,,,
,%mor,aux|can-Fin-S noun|baby verb|come-Inf-S adp|with pron|you-Prs-Acc-S2 ?,,,,
,%gra,1|3|AUX 2|3|NSUBJ 3|5|ROOT 4|5|CASE 5|3|OBL 6|3|PUNCT,,,,
,%com,Glo holding doll on sofa,,,,
,*BOB,what .,,,,
,%mor,pron|what-Int-S1 .,,,,
,%gra,1|1|ROOT 2|1|PUNCT,,,,
NOP,*CHI,can baby come with you ?,,,,
,%mor,aux|can-Fin-S noun|baby verb|come-Inf-S adp|with pron|you-Prs-Acc-S2 ?,,,,
,%gra,1|3|AUX 2|3|NSUBJ 3|5|ROOT 4|5|CASE 5|3|OBL 6|3|PUNCT,,,,
,%par,"loud , lower clear",,,,
NOP,*BOB,she's [= baby] sick she's .,,,,
,%mor,pron|she-Prs-Nom-S3~aux|be-Fin-Ind-Pres-S3 adj|sick-Pos-S1 pron|she-Prs-Nom-S3~aux|be-Fin-Ind-Pres-S3 .,,,,
,%gra,1|3|NSUBJ 2|3|COP 3|5|ROOT 4|5|NSUBJ 5|3|CCOMP 6|3|PUNCT,,,,
,%com,"Bob pauses , speaks , smiles",,,,
NOP,*CHI,can't she come with you ?,,,,
,%mor,aux|can-Fin-S~part|not pron|she-Prs-Nom-S3 verb|come-Inf-S adp|with pron|you-Prs-Acc-S2 ?,,,,
,%gra,1|4|AUX 2|4|ADVMOD 3|4|NSUBJ 4|6|ROOT 5|6|CASE 6|4|OBL 7|4|PUNCT,,,,
,%com,Glo takes doll to car and puts it on steering wheel,,,,
NOP,*CHI,she can lie right there [= on steering wheel] .,,,,
,%mor,pron|she-Prs-Nom-S3 aux|can-Fin-S verb|lie-Inf-S adv|right adv|there .,,,,
,%gra,1|3|NSUBJ 2|3|AUX 3|5|ROOT 4|5|ADVMOD 5|3|ADVMOD 6|3|PUNCT,,,,
NOP,*BOB,no she can't because she's sick .,,,,
,%mor,intj|no pron|she-Prs-Nom-S3 aux|can-Fin-S~part|not sconj|because pron|she-Prs-Nom-S3~aux|be-Fin-Ind-Pres-S3 adj|sick-Pos-S1 .,,,,
,%gra,1|3|DISCOURSE 2|3|NSUBJ 3|8|ROOT 4|3|ADVMOD 5|8|MARK 6|8|NSUBJ 7|8|COP 8|3|ADVCL 9|3|PUNCT,,,,
,%com,Glo replies Bob takes it off and holds it,,,,
NOP,*BOB,she's sick .,,,,
,%mor,pron|she-Prs-Nom-S3~aux|be-Fin-Ind-Pres-S3 adj|sick-Pos-S1 .,,,,
,%gra,1|3|NSUBJ 2|3|COP 3|3|ROOT 4|3|PUNCT,,,,
,%com,Bob hands doll back to her,,,,
NOP,*CHI,okay .,,,,
,%mor,intj|okay .,,,,
,%gra,1|1|ROOT 2|1|PUNCT,,,,
,%com,"Glo takes it , agrees and moves back to sofa , exasperated .",,,,
NOP,*CHI,how come no ?,,,,
,%mor,adv|how verb|come-Fin-Ind-Pres-S intj|no ?,,,,
,%gra,1|2|ADVMOD 2|3|ROOT 3|2|DISCOURSE 4|2|PUNCT,,,,
,%com,"<aft> gets no response , Bob seems distracted .",,,,
NOP,*CHI,father can I come ?,,,,
,%mor,noun|father aux|can-Fin-S pron|I-Prs-Nom-S1 verb|come-Inf-S ?,,,,
,%gra,1|4|OBJ 2|4|AUX 3|4|NSUBJ 4|4|ROOT 5|4|PUNCT,,,,
,%com,Glo tries again .,,,,
NOP,*BOB,what ?,,,,
,%mor,pron|what-Int-S1 ?,,,,
,%gra,1|1|ROOT 2|1|PUNCT,,,,
NOP,*CHI,can I come ?,,,,
,%mor,aux|can-Fin-S pron|I-Prs-Nom-S1 verb|come-Inf-S ?,,,,
,%gra,1|3|AUX 2|3|NSUBJ 3|3|ROOT 4|3|PUNCT,,,,
NOP,*BOB,what ?,,,,
,%mor,pron|what-Int-S1 ?,,,,
,%gra,1|1|ROOT 2|1|PUNCT,,,,
,%com,Glo at sofa back to bob,,,,
NOP,*CHI,can I come ?,,,,
,%mor,aux|can-Fin-S pron|I-Prs-Nom-S1 verb|come-Inf-S ?,,,,
,%gra,1|3|AUX 2|3|NSUBJ 3|3|ROOT 4|3|PUNCT,,,,
NOP,*BOB,call ?,,,,
,%mor,verb|call-Fin-Imp-S ?,,,,
,%gra,1|1|ROOT 2|1|PUNCT,,,,
NOP,*CHI,come .,,,,
,%mor,verb|come-Fin-Imp-S .,,,,
,%gra,1|1|ROOT 2|1|PUNCT,,,,
,%par,2nd syllable low,,,,
NOP,*BOB,yes .,,,,
,%mor,intj|yes .,,,,
,%gra,1|1|ROOT 2|1|PUNCT,,,,
NOP,*CHI,I hafta watch the baby .,,,,
,%mor,pron|I-Prs-Nom-S1 aux|hafta-Fin-S verb|watch-Inf-S det|the-Def-Art noun|baby .,,,,
,%gra,1|3|NSUBJ 2|3|AUX 3|5|ROOT 4|5|DET 5|3|OBJ 6|3|PUNCT,,,,
,%com,"Glo leaves doll on couch , wanders to table , around car , pause",,,,
NOP,*BOB,you can't .,,,,
,%mor,pron|you-Prs-Nom-S2 aux|can-Fin-S~part|not .,,,,
,%gra,1|2|NSUBJ 2|3|ROOT 3|2|ADVMOD 4|2|PUNCT,,,,
NOP,*CHI,father .,,,,
,%mor,noun|father .,,,,
,%gra,1|1|ROOT 2|1|PUNCT,,,,
,%com,"interrupts . Bob to call him , picking up tool belt from car and shoving it to him",,,,
,%par,"<aft> call , distinct",,,,
NOP,*BOB,what ?,,,,
,%mor,pron|what-Int-S1 ?,,,,
,%gra,1|1|ROOT 2|1|PUNCT,,,,
NOP,*CHI,your measuring +...,,,,
,%mor,pron|your-Prs-Gen-S2 noun|measuring +...,,,,
,%gra,1|2|NMOD-POSS 2|2|ROOT 3|2|PUNCT,,,,
NOP,*CHI,your things .,,,,
,%mor,pron|your-Prs-Gen-S2 noun|thing-Plur .,,,,
,%gra,1|2|NMOD-POSS 2|2|ROOT 3|2|PUNCT,,,,
NOP,*BOB,what they are ?,,,,
,%mor,pron|what-Rel-S1 pron|they-Prs-Nom-P3 aux|be-Fin-Ind-Pres-P3 ?,,,,
,%gra,1|3|ROOT 2|1|NSUBJ 3|1|COP 4|1|PUNCT,,,,
,%com,Bob accepts and Glo starts to wander off for the next 1 line(s),puts tools in his lap,,,
NOP,*CHI,they're just tool .,,,,
,%mor,pron|they-Prs-Nom-P3~aux|be-Fin-Ind-Pres-P3 adv|just noun|tool .,,,,
,%gra,1|4|NSUBJ 2|4|COP 3|4|ADVMOD 4|4|ROOT 5|4|PUNCT,,,,
NOP,*BOB,I don't need [!!] them [= tools] I need them in the work [!!] room .,,,,
,%mor,pron|I-Prs-Nom-S1 aux|do-Fin-Ind-Pres-S1~part|not verb|need-Inf-S pron|they-Prs-Acc-P3 pron|I-Prs-Nom-S1 verb|need-Fin-Ind-Pres-S1 pron|they-Prs-Acc-P3 adp|in det|the-Def-Art noun|work noun|room .,,,,
,%gra,1|4|NSUBJ 2|4|AUX 3|4|ADVMOD 4|12|ROOT 5|4|OBJ 6|7|NSUBJ 7|4|PARATAXIS 8|7|OBJ 9|12|CASE 10|12|DET 11|12|COMPOUND 12|7|OBL 13|4|PUNCT,,,,
,%com,"Bob loud as if calling , puts tools on back of car",,,,
NOP,*CHI,I hafta go to the bathroom .,,,,
,%mor,pron|I-Prs-Nom-S1 aux|hafta-Fin-S verb|go-Inf-S adp|to det|the-Def-Art noun|bathroom .,,,,
,%gra,1|3|NSUBJ 2|3|AUX 3|6|ROOT 4|6|CASE 5|6|DET 6|3|OBL 7|3|PUNCT,,,,
,%com,Glo sits on stool . Bob glances and Bob knows what she's doing and looks at light switch,,,,
,%par,fast,,,,
NOP,*BOB,xxx there's a owl hanging in the bathroom .,,,,
,%mor,pron|there-Int-S1~verb|be-Fin-Ind-Pres-S3 det|a-Ind-Art noun|owl noun|hanging adp|in det|the-Def-Art noun|bathroom .,,,,
,%gra,1|2|EXPL 2|8|ROOT 3|5|DET 4|5|COMPOUND 5|2|NSUBJ 6|8|CASE 7|8|DET 8|5|NMOD 9|2|PUNCT,,,,
,%com,Bob points to switch . Glo a little abstracted,,,,
NOP,*CHI,what ?,,,,
,%mor,pron|what-Int-S1 ?,,,,
,%gra,1|1|ROOT 2|1|PUNCT,,,,
NOP,*BOB,see .,,,,
,%mor,verb|see-Fin-Imp-S .,,,,
,%gra,1|1|ROOT 2|1|PUNCT,,,,
,%com,Glo gets up and looks .,,,,
NOP,*CHI,oh .,,,,
,%mor,intj|oh .,,,,
,%gra,1|1|ROOT 2|1|PUNCT,,,,
,%com,responds .,,,,
NOP,*BOB,I hafta go to the bathroom too .,,,,
,%mor,pron|I-Prs-Nom-S1 aux|hafta-Fin-S verb|go-Inf-S adp|to det|the-Def-Art noun|bathroom adv|too .,,,,
,%gra,1|3|NSUBJ 2|3|AUX 3|7|ROOT 4|6|CASE 5|6|DET 6|3|OBL 7|3|ADVMOD 8|3|PUNCT,,,,
,%com,"Bob still on car , looks down and speaks",,,,
NOP,*CHI,xxx just wait .,,,,
,%mor,adv|just verb|wait-Fin-Imp-S .,,,,
,%gra,1|2|ADVMOD 2|2|ROOT 3|2|PUNCT,,,,
,%com,"<aft> pause , they look at eah other perhaps listening to some noise outside .",,,,
NOP,*CHI,okay .,,,,
,%mor,intj|okay .,,,,
,%gra,1|1|ROOT 2|1|PUNCT,,,,
,%com,<aft> pause,,,,
NOP,*BOB,&~las &~las &~las .,,,,
,%com,Bob speaks,,,,
NOP,*BOB,alright I'll go and get the xxx cars .,,,,
,%mor,intj|alright pron|I-Prs-Nom-S1~aux|will-Fin-S verb|go-Inf-S cconj|and verb|get-Inf-S det|the-Def-Art noun|car-Plur .,,,,
,%gra,1|4|DISCOURSE 2|4|NSUBJ 3|4|AUX 4|8|ROOT 5|6|CC 6|4|CONJ 7|8|DET 8|6|OBJ 9|4|PUNCT,,,,
NOP,*BOB,xxx .,,,,
,%com,Glo watches . Bob gets back on car,,,,
NOP,*CHI,can I come with you ?,,,,
,%mor,aux|can-Fin-S pron|I-Prs-Nom-S1 verb|come-Inf-S adp|with pron|you-Prs-Acc-S2 ?,,,,
,%gra,1|3|AUX 2|3|NSUBJ 3|5|ROOT 4|5|CASE 5|3|OBL 6|3|PUNCT,,,,
,%com,Glo gets up to go to him . direct gaze,,,,
NOP,*BOB,yes .,,,,
,%mor,intj|yes .,,,,
,%gra,1|1|ROOT 2|1|PUNCT,,,,
NOP,*CHI,&-umk .,,,,
NOP,*BOB,and I drive it [= car] .,,,,
,%mor,cconj|and pron|I-Prs-Nom-S1 verb|drive-Fin-Ind-Pres-S1 pron|it-Prs-Acc-S3 .,,,,
,%gra,1|3|CC 2|3|NSUBJ 3|4|ROOT 4|3|OBJ 5|3|PUNCT,,,,
,%com,<aft> neither child wants to leave but Sally takes them anyway .,,,,
NOP,*BOB,which time we gonna go ?,,,,
,%mor,det|which-Def-Int noun|time pron|we-Prs-Nom-P1 adv|gonna verb|go-Fin-Ind-Pres-P1 ?,,,,
,%gra,1|2|DET 2|5|OBL-TMOD 3|5|NSUBJ 4|5|ADVMOD 5|5|ROOT 6|5|PUNCT,,,,
,%com,said to Sally . then this is repeated directly to Glo who doesn't answer but goes to broom and starts sweeping .,,,,
NOP,*CHI,"ah , I gotta sweep the house .",,,,
,%mor,intj|ah cm|cm pron|I-Prs-Nom-S1 aux|gotta-Fin-S verb|sweep-Inf-S det|the-Def-Art noun|house .,,,,
,%gra,1|5|DISCOURSE 2|5|PUNCT 3|5|NSUBJ 4|5|AUX 5|7|ROOT 6|7|DET 7|5|OBJ 8|5|PUNCT,,,,
,%com,Bob on car . pleased noises,,,,
NOP,*BOB,what ?,,,,
,%mor,pron|what-Int-S1 ?,,,,
,%gra,1|1|ROOT 2|1|PUNCT,,,,
NOP,*CHI,I gotta sweep the house .,,,,
,%mor,pron|I-Prs-Nom-S1 aux|gotta-Fin-S verb|sweep-Inf-S det|the-Def-Art noun|house .,,,,
,%gra,1|3|NSUBJ 2|3|AUX 3|5|ROOT 4|5|DET 5|3|OBJ 6|3|PUNCT,,,,
,%com,Glo sweeps around,,,,
NOP,*BOB,mhm .,,,,
,%mor,intj|mhm .,,,,
,%gra,1|1|ROOT 2|1|PUNCT,,,,
,%com,pause,,,,
,%par,<bef .> laugh,,,,
NOP,*BOB,do you know what Glo .,,,,
,%mor,aux|do-Fin-Ind-Pres-S2 pron|you-Prs-Nom-S2 verb|know-Inf-S det|what-Def-Int noun|Glo .,,,,
,%gra,1|3|AUX 2|3|NSUBJ 3|5|ROOT 4|5|DET 5|3|OBJ 6|3|PUNCT,,,,
,%com,Bob says this .,,,,
NOP,*CHI,what ?,,,,
,%mor,pron|what-Int-S1 ?,,,,
,%gra,1|1|ROOT 2|1|PUNCT,,,,
,%com,<aft> Bob doesn't reply .,,,,
NOP,*CHI,this is a nice place .,,,,
,%mor,pron|this-Dem-S1 aux|be-Fin-Ind-Pres-S3 det|a-Ind-Art adj|nice-Pos-S1 noun|place .,,,,
,%gra,1|5|NSUBJ 2|5|COP 3|5|DET 4|5|AMOD 5|5|ROOT 6|5|PUNCT,,,,
,%com,Glo continues .,,,,
NOP,*BOB,what ?,,,,
,%mor,pron|what-Int-S1 ?,,,,
,%gra,1|1|ROOT 2|1|PUNCT,,,,
,%com,"Glo moves around , Bob watches",,,,
NOP,*CHI,this is a nice place .,,,,
,%mor,pron|this-Dem-S1 aux|be-Fin-Ind-Pres-S3 det|a-Ind-Art adj|nice-Pos-S1 noun|place .,,,,
,%gra,1|5|NSUBJ 2|5|COP 3|5|DET 4|5|AMOD 5|5|ROOT 6|5|PUNCT,,,,
NOP,*BOB,what's a nice place this room .,,,,
,%mor,pron|what-Int-S1~aux|be-Fin-Ind-Pres-S3 det|a-Ind-Art adj|nice-Pos-S1 noun|place det|this-Def-Dem noun|room .,,,,
,%gra,1|7|ROOT 2|5|COP 3|5|DET 4|5|AMOD 5|1|NSUBJ 6|7|DET 7|5|NMOD-NPMOD 8|1|PUNCT,,,,
NOP,*BOB,this room ?,,,,
,%mor,det|this-Def-Dem noun|room ?,,,,
,%gra,1|2|DET 2|2|ROOT 3|2|PUNCT,,,,
NOP,*CHI,yup .,,,,
,%mor,intj|yup .,,,,
,%gra,1|1|ROOT 2|1|PUNCT,,,,
NOP,*BOB,oh yeah .,,,,
,%mor,intj|oh intj|yeah .,,,,
,%gra,1|2|ROOT 2|1|DISCOURSE 3|1|PUNCT,,,,
NOP,*CHI,it has a fire engine hat .,,,,
,%mor,pron|it-Prs-Nom-S3 verb|have-Fin-Ind-Pres-S3 det|a-Ind-Art noun|fire noun|engine noun|hat .,,,,
,%gra,1|2|NSUBJ 2|6|ROOT 3|6|DET 4|5|COMPOUND 5|6|COMPOUND 6|2|OBJ 7|2|PUNCT,,,,
,%com,Glo finds hat in sock and inspects it .,,,,
NOP,*BOB,can I have it [= hat] ?,,,,
,%mor,aux|can-Fin-S pron|I-Prs-Nom-S1 verb|have-Inf-S pron|it-Prs-Acc-S3 ?,,,,
,%gra,1|3|AUX 2|3|NSUBJ 3|4|ROOT 4|3|OBJ 5|3|PUNCT,,,,
,%com,Bob pleadingly,,,,
NOP,*CHI,yup .,,,,
,%mor,intj|yup .,,,,
,%gra,1|1|ROOT 2|1|PUNCT,,,,
,%com,Glo takes it to him,,,,
NOP,*BOB,I'm the fireman I gotta put out a fire .,,,,
,%mor,pron|I-Prs-Nom-S1~aux|be-Fin-Ind-Pres-S1 det|the-Def-Art noun|fireman pron|I-Prs-Nom-S1 aux|gotta-Fin-Ind-S1 verb|put-Inf-S adp|out det|a-Ind-Art noun|fire .,,,,
,%gra,1|4|NSUBJ 2|4|COP 3|4|DET 4|10|ROOT 5|7|NSUBJ 6|7|AUX 7|4|ACL-RELCL 8|7|COMPOUND-PRT 9|10|DET 10|7|OBJ 11|4|PUNCT,,,,
,%com,Bob puts it on and Glo watches briefly,,,,
NOP,*CHI,Mrs Rhonda's not here and I gotta do this to the .,,,,
,%mor,noun|Mrs noun|Rhonda~aux|be-Fin-Ind-Pres-S3 part|not adv|here cconj|and pron|I-Prs-Nom-S1 aux|gotta-Fin-S verb|do-Inf-S pron|this-Dem-S1 adp|to det|the-Def-Art .,,,,
,%gra,1|5|NSUBJ 2|1|FLAT 3|5|COP 4|5|ADVMOD 5|12|ROOT 6|9|CC 7|9|NSUBJ 8|9|AUX 9|5|CONJ 10|9|OBJ 11|12|CASE 12|9|OBL 13|5|PUNCT,,,,
,%com,"in teasing voice ""teacher's gone .""",,,,
,%par,<6w> sing,,,,
NOP,*CHI,fishy .,,,,
,%mor,adj|fishy-Pos-S1 .,,,,
,%gra,1|1|ROOT 2|1|PUNCT,,,,
,%com,"Glo goes to couch with iron , but changes mind and picks up baby doll .",,,,
NOP,*BOB,fishy ?,,,,
,%mor,adj|fishy-Pos-S1 ?,,,,
,%gra,1|1|ROOT 2|1|PUNCT,,,,
NOP,*CHI,father can you take the baby ?,,,,
,%mor,noun|father aux|can-Fin-S pron|you-Prs-Nom-S2 verb|take-Inf-S det|the-Def-Art noun|baby ?,,,,
,%gra,1|4|OBJ 2|4|AUX 3|4|NSUBJ 4|6|ROOT 5|6|DET 6|4|OBJ 7|4|PUNCT,,,,
,%com,Glo moves sideways by Bob but he watches and reaches out for doll .,,,,
NOP,*BOB,alright give it [= doll] to me in my hand no give it to me here back .,,,,
,%mor,intj|alright verb|give-Fin-Imp-S pron|it-Prs-Acc-S3 adp|to pron|I-Prs-Acc-S1 adp|in pron|my-Prs-Gen-S1 noun|hand intj|no verb|give-Fin-Imp-S pron|it-Prs-Acc-S3 adp|to pron|I-Prs-Acc-S1 adv|here adv|back .,,,,
,%gra,1|2|DISCOURSE 2|15|ROOT 3|2|OBJ 4|5|CASE 5|2|OBL 6|8|CASE 7|8|NMOD-POSS 8|2|OBL 9|10|DISCOURSE 10|2|PARATAXIS 11|10|OBJ 12|13|CASE 13|10|OBL 14|10|ADVMOD 15|10|ADVMOD 16|2|PUNCT,,,,
NOP,*BOB,back of the fire engine .,,,,
,%mor,adv|back adp|of det|the-Def-Art noun|fire noun|engine .,,,,
,%gra,1|5|ROOT 2|5|CASE 3|5|DET 4|5|COMPOUND 5|1|OBL 6|1|PUNCT,,,,
,%com,<aft> Glo puts baby on back and Bob drives (noises) .,,,,
,%par,<aft> driving noises,,,,
NOP,*CHI,I'll watch her in the back .,,,,
,%mor,pron|I-Prs-Nom-S1~aux|will-Fin-S verb|watch-Inf-S pron|her-Prs-Acc-S3 adp|in det|the-Def-Art noun|back .,,,,
,%gra,1|3|NSUBJ 2|3|AUX 3|7|ROOT 4|3|OBJ 5|7|CASE 6|7|DET 7|3|OBL 8|3|PUNCT,,,,
,%com,Bob looks at baby and Glo moves back a little,,,,
NOP,*CHI,oh you have a license .,,,,
,%mor,intj|oh pron|you-Prs-Nom-S2 verb|have-Fin-Ind-Pres-S2 det|a-Ind-Art noun|license .,,,,
,%gra,1|3|DISCOURSE 2|3|NSUBJ 3|5|ROOT 4|5|DET 5|3|OBJ 6|3|PUNCT,,,,
,%com,"Glo sees license plate , points to it , moving back a bit more Bob turns",,,,
NOP,*BOB,what license ?,,,,
,%mor,det|what-Def-Int noun|license ?,,,,
,%gra,1|2|DET 2|2|ROOT 3|2|PUNCT,,,,
NOP,*CHI,you got a license .,,,,
,%mor,pron|you-Prs-Nom-S2 verb|get-Fin-Ind-Past-S2 det|a-Ind-Art noun|license .,,,,
,%gra,1|2|NSUBJ 2|4|ROOT 3|4|DET 4|2|OBJ 5|2|PUNCT,,,,
,%com,baby falls off but it is not remarked on leans to look over at back of car .,,,,
NOP,*BOB,what's license is .,,,,
,%mor,pron|what-Int-S1~aux|be-Fin-Ind-Pres-S3 noun|license aux|be-Fin-Ind-Pres-S3 .,,,,
,%gra,1|4|ROOT 2|1|COP 3|1|NSUBJ 4|1|COP 5|1|PUNCT,,,,
NOP,*CHI,license .,,,,
,%mor,noun|license .,,,,
,%gra,1|1|ROOT 2|1|PUNCT,,,,
NOP,*BOB,oh yeah .,,,,
,%mor,intj|oh intj|yeah .,,,,
,%gra,1|2|ROOT 2|1|DISCOURSE 3|1|PUNCT,,,,
,%com,finally seeing it . excitement,,,,
NOP,*CHI,it has on real cars .,,,,
,%mor,pron|it-Prs-Nom-S3 verb|have-Fin-Ind-Pres-S3 adp|on adj|real-Pos-S1 noun|car-Plur .,,,,
,%gra,1|2|NSUBJ 2|5|ROOT 3|5|CASE 4|5|AMOD 5|2|OBL 6|2|PUNCT,,,,
NOP,*BOB,what ?,,,,
,%mor,pron|what-Int-S1 ?,,,,
,%gra,1|1|ROOT 2|1|PUNCT,,,,
NOP,*CHI,it has on real cars .,,,,
,%mor,pron|it-Prs-Nom-S3 verb|have-Fin-Ind-Pres-S3 adp|on adj|real-Pos-S1 noun|car-Plur .,,,,
,%gra,1|2|NSUBJ 2|5|ROOT 3|5|CASE 4|5|AMOD 5|2|OBL 6|2|PUNCT,,,,
,%com,Bob still enthusiastic,,,,
NOP,*BOB,yeah that's +...,,,,
,%mor,intj|yeah pron|that-Dem-S1~aux|be-Fin-Ind-Pres-S3 +...,,,,
,%gra,1|3|DISCOURSE 2|3|NSUBJ 3|3|ROOT 4|3|PUNCT,,,,
,%com,but turns back to driving during .,,,,
NOP,*BOB,that's how's on real cars yeah you're right that's how real cars have em [= license plates] .,,,,
,%mor,pron|that-Dem-S1~aux|be-Fin-Ind-Pres-S3 adv|how~aux|be-Fin-Ind-Pres-S3 adp|on adj|real-Pos-S1 noun|car-Plur intj|yeah pron|you-Prs-Nom-S2~aux|be-Fin-Ind-Pres-S2 adv|right pron|that-Dem-S1~aux|be-Fin-Ind-Pres-S3 adv|how adj|real-Pos-S1 noun|car-Plur verb|have-Fin-Ind-Pres-P3 pron|they-Prs-Acc-P3 .,,,,
,%gra,1|3|NSUBJ 2|3|COP 3|18|ROOT 4|7|COP 5|7|CASE 6|7|AMOD 7|3|OBL 8|14|DISCOURSE 9|14|NSUBJ 10|14|COP 11|14|ADVMOD 12|14|NSUBJ 13|14|COP 14|3|PARATAXIS 15|16|AMOD 16|17|NSUBJ 17|14|ADVCL-RELCL 18|17|OBJ 19|3|PUNCT,,,,
NOP,*CHI,oh the baby fell off .,,,,
,%mor,intj|oh det|the-Def-Art noun|baby verb|fall-Fin-Ind-Past-S3 adv|off .,,,,
,%gra,1|4|DISCOURSE 2|3|DET 3|4|NSUBJ 4|5|ROOT 5|4|ADVMOD 6|4|PUNCT,,,,
,%com,driving noises . pause Glo sees baby which fell off about eight turns previously and she picks it up,,,,
NOP,*BOB,yeah xxx .,,,,
,%mor,intj|yeah .,,,,
,%gra,1|1|ROOT 2|1|PUNCT,,,,
,%com,response,,,,
NOP,*BOB,there's a fire .,,,,
,%mor,pron|there-Int-S1~verb|be-Fin-Ind-Pres-S3 det|a-Ind-Art noun|fire .,,,,
,%gra,1|2|EXPL 2|4|ROOT 3|4|DET 4|2|NSUBJ 5|2|PUNCT,,,,
,%com,"very loud . excited . Glo holds baby a while , then moves over to stool while Bob drives",,,,
NOP,*CHI,oh the baby .,,,,
,%mor,intj|oh det|the-Def-Art noun|baby .,,,,
,%gra,1|3|DISCOURSE 2|3|DET 3|3|ROOT 4|3|PUNCT,,,,
NOP,*CHI,let's tell father fix the fire .,,,,
,%mor,verb|let-Fin-Imp-S~pron|we-Prs-Acc-P1 verb|tell-Inf-S noun|father verb|fix-Inf-S det|the-Def-Art noun|fire .,,,,
,%gra,1|7|ROOT 2|1|OBJ 3|1|XCOMP 4|3|IOBJ 5|3|CCOMP 6|7|DET 7|5|OBJ 8|1|PUNCT,,,,
NOP,*CHI,father can you fix the toilet ?,,,,
,%mor,noun|father aux|can-Fin-S pron|you-Prs-Nom-S2 verb|fix-Inf-S det|the-Def-Art noun|toilet ?,,,,
,%gra,1|4|OBJ 2|4|AUX 3|4|NSUBJ 4|6|ROOT 5|6|DET 6|4|OBJ 7|4|PUNCT,,,,
,%tim,0,5,15,,
,%com,"<aft> Bob responds by getting off car , puting imaginary hose to toilet makes water noise .",,,,
,%par,<aft> calls,,,,
NOP,*CHI,father .,,,,
,%mor,noun|father .,,,,
,%gra,1|1|ROOT 2|1|PUNCT,,,,
NOP,*BOB,what ?,,,,
,%mor,pron|what-Int-S1 ?,,,,
,%gra,1|1|ROOT 2|1|PUNCT,,,,
NOP,*CHI,not so rough .,,,,
,%mor,part|not adv|so adj|rough-Pos-S1 .,,,,
,%gra,1|3|ADVMOD 2|3|ADVMOD 3|3|ROOT 4|3|PUNCT,,,,
,%com,"Glo busy with tools , fixing toilet her way .",,,,
NOP,*BOB,I hafta fix fix xxx .,,,,
,%mor,pron|I-Prs-Nom-S1 aux|hafta-Fin-Ind-Pres-S1 verb|fix-Inf-S noun|fix .,,,,
,%gra,1|3|NSUBJ 2|3|AUX 3|4|ROOT 4|3|OBJ 5|3|PUNCT,,,,
,%tim,0,5,30,,
NOP,*BOB,put out the fire .,,,,
,%mor,verb|put-Fin-Imp-S adp|out det|the-Def-Art noun|fire .,,,,
,%gra,1|4|ROOT 2|1|COMPOUND-PRT 3|4|DET 4|1|OBJ 5|1|PUNCT,,,,
,%com,for the next 1 line(s),Bob still interested in fire goes back to car .,,,
NOP,*BOB,it's alright the fire's away the fire's away .,,,,
,%mor,pron|it-Prs-Nom-S3~aux|be-Fin-Ind-Pres-S3 adj|alright-Pos-S1 det|the-Def-Art noun|fire~aux|be-Fin-Ind-Pres-S3 adv|away det|the-Def-Art noun|fire~part|s adv|away .,,,,
,%gra,1|3|EXPL 2|3|COP 3|11|ROOT 4|5|DET 5|7|NSUBJ 6|7|COP 7|3|CCOMP 8|9|DET 9|11|NMOD-POSS 10|9|CASE 11|7|ADVMOD 12|3|PUNCT,,,,
NOP,*BOB,oop oh the baby fell off .,,,,
,%mor,intj|oop intj|oh det|the-Def-Art noun|baby verb|fall-Fin-Ind-Past-S3 adv|off .,,,,
,%gra,1|5|DISCOURSE 2|5|DISCOURSE 3|4|DET 4|5|NSUBJ 5|6|ROOT 6|5|ADVMOD 7|5|PUNCT,,,,
,%com,for the next 1 line(s),turn around and immediate cry of pretend distress,,,
POL,*CHI,&~aw the little .,,,,
,%mor,det|the-Def-Art adj|little-Pos-S1 .,,,,
,%gra,1|2|DET 2|2|ROOT 3|2|PUNCT,,,,
,%tim,0,5,45,,
NOP,*CHI,the little baby's sick .,,,,
,%mor,det|the-Def-Art adj|little-Pos-S1 noun|baby~part|s adj|sick-Pos-S1 .,,,,
,%gra,1|3|DET 2|3|AMOD 3|5|NMOD-POSS 4|3|CASE 5|5|ROOT 6|5|PUNCT,,,,
,%com,Bob watches,,,,
NOP,*BOB,can I go xxx ?,,,,
,%mor,aux|can-Fin-S pron|I-Prs-Nom-S1 verb|go-Inf-S ?,,,,
,%gra,1|3|AUX 2|3|NSUBJ 3|3|ROOT 4|3|PUNCT,,,,
,%com,says this as Glo moves off with baby,,,,
NOP,*CHI,I hafta put her to bed now I'm going to put her [= doll] .,,,,
,%mor,pron|I-Prs-Nom-S1 aux|hafta-Fin-Ind-Pres-S1 verb|put-Inf-S pron|her-Prs-Acc-S3 adp|to noun|bed adv|now pron|I-Prs-Nom-S1~aux|be-Fin-Ind-Pres-S1 verb|go-Part-Pres-S part|to verb|put-Inf-S pron|her-Prs-Acc-S3 .,,,,
,%gra,1|3|NSUBJ 2|3|AUX 3|13|ROOT 4|3|OBJ 5|6|CASE 6|3|OBL 7|3|ADVMOD 8|10|NSUBJ 9|10|AUX 10|3|PARATAXIS 11|12|MARK 12|10|XCOMP 13|12|OBJ 14|3|PUNCT,,,,
NOP,*BOB,what ?,,,,
,%mor,pron|what-Int-S1 ?,,,,
,%gra,1|1|ROOT 2|1|PUNCT,,,,
NOP,*CHI,to bed .,,,,
,%mor,part|to verb|bed-Inf-S .,,,,
,%gra,1|2|MARK 2|2|ROOT 3|2|PUNCT,,,,
,%com,Glo makes . bed of curtain for baby doll . Bob matches,,,,
NOP,*BOB,you're going to make her bed ?,,,,
,%mor,pron|you-Prs-Nom-S2~aux|be-Fin-Ind-Pres-S2 verb|go-Part-Pres-S part|to verb|make-Inf-S pron|her-Prs-Gen-S3 noun|bed ?,,,,
,%gra,1|3|NSUBJ 2|3|AUX 3|7|ROOT 4|5|MARK 5|3|XCOMP 6|7|NMOD-POSS 7|5|OBJ 8|3|PUNCT,,,,
,%tim,0,6,0,,
,%com,echo question . Bob continues to watch and then begins to drive again,,,,
NOP,*CHI,yup .,,,,
,%mor,intj|yup .,,,,
,%gra,1|1|ROOT 2|1|PUNCT,,,,
NOP,*CHI,&-um .,,,,
NOP,*CHI,alright .,,,,
,%mor,intj|alright .,,,,
,%gra,1|1|ROOT 2|1|PUNCT,,,,
NOP,*BOB,leave her crying .,,,,
,%mor,verb|leave-Fin-Imp-S pron|her-Prs-Gen-S3 noun|cry .,,,,
,%gra,1|3|ROOT 2|3|NMOD-POSS 3|1|OBJ 4|1|PUNCT,,,,
,%com,Glo leaves doll . Bob smiles Glo comes to car,,,,
NOP,*CHI,can I come with ya ?,,,,
,%mor,aux|can-Fin-S pron|I-Prs-Nom-S1 verb|come-Inf-S adp|with pron|you-Prs-Acc-S2 ?,,,,
,%gra,1|3|AUX 2|3|NSUBJ 3|5|ROOT 4|5|CASE 5|3|OBL 6|3|PUNCT,,,,
NOP,*BOB,yes .,,,,
,%mor,intj|yes .,,,,
,%gra,1|1|ROOT 2|1|PUNCT,,,,
,%com,for the next 1 line(s),Bob suggests she sit straddle and she's trying side saddle .,,,
NOP,*BOB,no not sit that way .,,,,
,%mor,intj|no part|not verb|sit-Fin-Imp-S det|that-Def-Dem noun|way .,,,,
,%gra,1|3|DISCOURSE 2|3|ADVMOD 3|5|ROOT 4|5|DET 5|3|OBJ 6|3|PUNCT,,,,
NOP,*CHI,hum I guess I can't .,,,,
,%mor,noun|hum pron|I-Prs-Nom-S1 verb|guess-Fin-Ind-Pres-S1 pron|I-Prs-Nom-S1 aux|can-Fin-S~part|not .,,,,
,%gra,1|6|ROOT 2|3|NSUBJ 3|1|PARATAXIS 4|5|NSUBJ 5|3|CCOMP 6|5|ADVMOD 7|1|PUNCT,,,,
,%com,Glo gives up and sort of straddles the car .,,,,
NOP,*CHI,xxx .,,,,
NOP,*CHI,see it [= hat] has a [= emblem] (.) just like a fire engine right there .,,,,
,%mor,verb|see-Fin-Imp-S pron|it-Prs-Acc-S3 verb|have-Fin-Ind-Pres-S3 det|a-Ind-Art adv|just adp|like det|a-Ind-Art noun|fire noun|engine adv|right adv|there .,,,,
,%gra,1|11|ROOT 2|3|NSUBJ 3|1|CCOMP 4|9|DET 5|9|ADVMOD 6|9|CASE 7|9|DET 8|9|COMPOUND 9|3|OBJ 10|11|ADVMOD 11|3|ADVMOD 12|1|PUNCT,,,,
,%tim,0,6,30,,
,%com,"Glo points to insigna on Bob's fire hat . he takes it off to look at it , very pleased both looked at it , he puts it back on she pats it and they laugh",,,,
NOP,*BOB,yeah .,,,,
,%mor,intj|yeah .,,,,
,%gra,1|1|ROOT 2|1|PUNCT,,,,
,%com,for the next 1 line(s),Glo listens .,,,
NOP,*BOB,it's big you know and I shave right ?,,,,
,%mor,pron|it-Prs-Nom-S3~aux|be-Fin-Ind-Pres-S3 adj|big-Pos-S1 pron|you-Prs-Nom-S2 verb|know-Fin-Ind-Pres-S2 cconj|and pron|I-Prs-Nom-S1 verb|shave-Fin-Ind-Pres-S1 adv|right ?,,,,
,%gra,1|3|NSUBJ 2|3|COP 3|9|ROOT 4|5|NSUBJ 5|3|PARATAXIS 6|8|CC 7|8|NSUBJ 8|3|CONJ 9|8|ADVMOD 10|3|PUNCT,,,,
,%com,they both giggle and she tickles back of his neck .,,,,
,%par,<aft> giggles,,,,
NOP,*CHI,right I'm going to get off and .,,,,
,%mor,adv|right pron|I-Prs-Nom-S1~aux|be-Fin-Ind-Pres-S1 verb|go-Part-Pres-S part|to verb|get-Inf-S adp|off cconj|and .,,,,
,%gra,1|4|ADVMOD 2|4|NSUBJ 3|4|AUX 4|8|ROOT 5|6|MARK 6|4|XCOMP 7|6|COMPOUND-PRT 8|4|CC 9|4|PUNCT,,,,
,%tim,0,6,45 00,7,0
,%com,replies .,,,,
,%par,<2w> giggles,,,,
NOP,*BOB,that's how we never play mothers and fathers alright ?,,,,
,%mor,pron|that-Dem-S1~aux|be-Fin-Ind-Pres-S3 adv|how pron|we-Prs-Nom-P1 adv|never verb|play-Fin-Ind-Pres-P1 noun|mother-Plur cconj|and noun|father-Plur intj|alright ?,,,,
,%gra,1|3|NSUBJ 2|3|COP 3|10|ROOT 4|6|NSUBJ 5|6|ADVMOD 6|3|ADVCL-RELCL 7|6|OBJ 8|9|CC 9|7|CONJ 10|3|DISCOURSE 11|3|PUNCT,,,,
,%com,more brief giggle and he this says about tickling .,,,,
NOP,*CHI,drive alright ?,,,,
,%mor,verb|drive-Fin-Imp-S intj|alright ?,,,,
,%gra,1|2|ROOT 2|1|DISCOURSE 3|1|PUNCT,,,,
,%com,Glo gets off and grabs steering wheel both laugh .,,,,
,%par,<aft> laugh,,,,
POL,*BOB,hey hey Katie please don't do that .,,,,
,%mor,intj|hey intj|hey noun|Katie intj|please aux|do-Fin-Imp-S~part|not verb|do-Fin-Imp-S pron|that-Dem-S1 .,,,,
,%gra,1|7|DISCOURSE 2|7|DISCOURSE 3|7|VOCATIVE 4|7|DISCOURSE 5|7|AUX 6|7|ADVMOD 7|8|ROOT 8|7|OBJ 9|7|PUNCT,,,,
,%com,<bef> Glo goes around car and both laugh . Glo pushes him then goes to look at picture . he turns and speaks . <aft> Glo pushes him,,,,
POL,*BOB,please don't do that .,,,,
,%mor,intj|please aux|do-Fin-Imp-S~part|not verb|do-Fin-Imp-S pron|that-Dem-S1 .,,,,
,%gra,1|4|DISCOURSE 2|4|AUX 3|4|ADVMOD 4|5|ROOT 5|4|OBJ 6|4|PUNCT,,,,
,%tim,0,7,15,,
,%com,<aft> she tickles,,,,
NOP,*BOB,stop it .,,,,
,%mor,verb|stop-Fin-Imp-S pron|it-Prs-Acc-S3 .,,,,
,%gra,1|2|ROOT 2|1|OBJ 3|1|PUNCT,,,,
,%com,<aft> she tires,,,,
,%par,<aft> giggle,,,,
NOP,*CHI,I gotta go to the bathroom .,,,,
,%mor,pron|I-Prs-Nom-S1 aux|gotta-Fin-S verb|go-Inf-S adp|to det|the-Def-Art noun|bathroom .,,,,
,%gra,1|3|NSUBJ 2|3|AUX 3|6|ROOT 4|6|CASE 5|6|DET 6|3|OBL 7|3|PUNCT,,,,
,%com,sits on pottie,,,,
POL,*BOB,I mean don't tickle me please .,,,,
,%mor,pron|I-Prs-Nom-S1 verb|mean-Fin-Ind-Pres-S1 aux|do-Fin-Imp-S~part|not verb|tickle-Fin-Imp-S pron|I-Prs-Acc-S1 intj|please .,,,,
,%gra,1|2|NSUBJ 2|5|PARATAXIS 3|5|AUX 4|5|ADVMOD 5|7|ROOT 6|5|OBJ 7|5|DISCOURSE 8|5|PUNCT,,,,
,%com,Bob wants her to tickle him again . Bob tries again with this .,,,,
NOP,*CHI,I'm going to wear your high hat .,,,,
,%mor,pron|I-Prs-Nom-S1~aux|be-Fin-Ind-Pres-S1 verb|go-Part-Pres-S part|to verb|wear-Inf-S pron|your-Prs-Gen-S2 adj|high-Pos-S1 noun|hat .,,,,
,%gra,1|3|NSUBJ 2|3|AUX 3|8|ROOT 4|5|MARK 5|3|XCOMP 6|8|NMOD-POSS 7|8|AMOD 8|5|OBJ 9|3|PUNCT,,,,
,%com,Glo reaches down for another hat on floor .,,,,
POl,*BOB,please don't .,,,,
,%mor,intj|please verb|do-Fin-Imp-S~part|not .,,,,
,%gra,1|2|DISCOURSE 2|3|ROOT 3|2|ADVMOD 4|2|PUNCT,,,,
,%com,"Bob perseverates , and Glo puts on hat looking for and getting a laugh while Bob still tries to get a tickle .",,,,
POL,*BOB,please .,,,,
,%mor,intj|please .,,,,
,%gra,1|1|ROOT 2|1|PUNCT,,,,
,%par,<bef .> laugh,,,,
NOP,*CHI,I'm going to look in the mirror .,,,,
,%mor,pron|I-Prs-Nom-S1~aux|be-Fin-Ind-Pres-S1 verb|go-Part-Pres-S part|to verb|look-Inf-S adp|in det|the-Def-Art noun|mirror .,,,,
,%gra,1|3|NSUBJ 2|3|AUX 3|8|ROOT 4|5|MARK 5|3|XCOMP 6|8|CASE 7|8|DET 8|5|OBL 9|3|PUNCT,,,,
,%tim,0,7,30,,
,%com,"Glo goes to mirror looks at herself goes back by the car , both look at each other .",,,,
POL,*BOB,please don't .,,,,
,%mor,intj|please verb|do-Fin-Imp-S~part|not .,,,,
,%gra,1|2|DISCOURSE 2|3|ROOT 3|2|ADVMOD 4|2|PUNCT,,,,
NOP,*CHI,I'll go the school like this .,,,,
,%mor,pron|I-Prs-Nom-S1~aux|will-Fin-S verb|go-Inf-S det|the-Def-Art noun|school adp|like pron|this-Dem-S1 .,,,,
,%gra,1|3|NSUBJ 2|3|AUX 3|7|ROOT 4|5|DET 5|3|OBJ 6|7|CASE 7|3|OBL 8|3|PUNCT,,,,
,%com,"Glo passes on , speaking",,,,
NOP,*BOB,I'm not Ma .,,,,
,%mor,pron|I-Prs-Nom-S1~aux|be-Fin-Ind-Pres-S1 part|not noun|ma .,,,,
,%gra,1|4|NSUBJ 2|4|COP 3|4|ADVMOD 4|4|ROOT 5|4|PUNCT,,,,
,%com,"Bob reacts Glo waves at ""bye""",,,,
NOP,*CHI,bye mom bye mommy .,,,,
,%mor,intj|bye noun|mom noun|bye noun|mommy .,,,,
,%gra,1|3|COMPOUND 2|3|COMPOUND 3|4|COMPOUND 4|4|ROOT 5|4|PUNCT,,,,
,%com,"Glo prancing around , waving speaks",,,,
,%par,<aft> laughs,,,,
NOP,*BOB,I'm not your mommy .,,,,
,%mor,pron|I-Prs-Nom-S1~aux|be-Fin-Ind-Pres-S1 part|not pron|your-Prs-Gen-S2 noun|mommy .,,,,
,%gra,1|5|NSUBJ 2|5|COP 3|5|ADVMOD 4|5|NMOD-POSS 5|5|ROOT 6|5|PUNCT,,,,
,%com,Bob immediatly responds louder .,,,,
,%par,<bef .> laughs,,,,
NOP,*CHI,goodbye mom .,,,,
,%mor,verb|goodbye-Fin-Imp-S noun|mom .,,,,
,%gra,1|2|ROOT 2|1|OBJ 3|1|PUNCT,,,,
NOP,*BOB,goodbye mom .,,,,
,%mor,verb|goodbye-Fin-Imp-S noun|mom .,,,,
,%gra,1|2|ROOT 2|1|OBJ 3|1|PUNCT,,,,
,%tim,0,7,45,,
,%com,Bob laughs . Glo laughs . Bob much louder now tries .,,,,
NOP,*CHI,that's good enough .,,,,
,%mor,pron|that-Dem-S1~aux|be-Fin-Ind-Pres-S3 adj|good-Pos-S1 adv|enough .,,,,
,%gra,1|3|NSUBJ 2|3|COP 3|4|ROOT 4|3|ADVMOD 5|3|PUNCT,,,,
,%com,Glo puts fire hat over other hat and looks in mirror,,,,
NOP,*BOB,what ?,,,,
,%mor,pron|what-Int-S1 ?,,,,
,%gra,1|1|ROOT 2|1|PUNCT,,,,
NOP,*CHI,that's good enough and then I'll wear this hat [= straw] .,,,,
,%mor,pron|that-Dem-S1~aux|be-Fin-Ind-Pres-S3 adj|good-Pos-S1 adv|enough cconj|and adv|then pron|I-Prs-Nom-S1~aux|will-Fin-S verb|wear-Inf-S det|this-Def-Dem noun|hat .,,,,
,%gra,1|3|NSUBJ 2|3|COP 3|11|ROOT 4|3|ADVMOD 5|9|CC 6|9|ADVMOD 7|9|NSUBJ 8|9|AUX 9|3|CONJ 10|11|DET 11|9|OBJ 12|3|PUNCT,,,,
,%tim,0,8,0,,
,%com,Glo puts another hat on top,,,,
NOP,*BOB,hey Rusty has that hat .,,,,
,%mor,intj|hey noun|Rusty verb|have-Fin-Ind-Pres-S3 det|that-Def-Dem noun|hat .,,,,
,%gra,1|3|DISCOURSE 2|3|NSUBJ 3|5|ROOT 4|5|DET 5|3|OBJ 6|3|PUNCT,,,,
,%com,Bob watches and tries to tell glo,,,,
NOP,*CHI,and then I'll wear .,,,,
,%mor,cconj|and adv|then pron|I-Prs-Nom-S1~aux|will-Fin-S verb|wear-Inf-S .,,,,
,%gra,1|5|CC 2|5|ADVMOD 3|5|NSUBJ 4|5|AUX 5|5|ROOT 6|5|PUNCT,,,,
NOP,*BOB,Rusty has that hat .,,,,
,%mor,noun|Rusty verb|have-Fin-Ind-Pres-S3 det|that-Def-Dem noun|hat .,,,,
,%gra,1|2|NSUBJ 2|4|ROOT 3|4|DET 4|2|OBJ 5|2|PUNCT,,,,
,%com,Bob tries again to tell,,,,
NOP,*CHI,then I'll wear this hat [= red straw] .,,,,
,%mor,adv|then pron|I-Prs-Nom-S1~aux|will-Fin-S verb|wear-Inf-S det|this-Def-Dem noun|hat .,,,,
,%gra,1|4|ADVMOD 2|4|NSUBJ 3|4|AUX 4|6|ROOT 5|6|DET 6|4|OBJ 7|4|PUNCT,,,,
,%tim,0,8,15,,
,%com,Glo continues to pile on hats moving rather rapidly but watching for Bob's reactions Bob makes driving noises,,,,
NOP,*CHI,see there now do I look pretty ?,,,,
,%mor,verb|see-Fin-Imp-S adv|there adv|now aux|do-Fin-Ind-Pres-S1 pron|I-Prs-Nom-S1 verb|look-Inf-S adv|pretty ?,,,,
,%gra,1|7|ROOT 2|1|ADVMOD 3|6|ADVMOD 4|6|AUX 5|6|NSUBJ 6|1|PARATAXIS 7|6|ADVMOD 8|1|PUNCT,,,,
,%com,"Glo parades around , calls out ""bye bye""",,,,
NOP,*CHI,now I'll go into school bye bye .,,,,
,%mor,adv|now pron|I-Prs-Nom-S1~aux|will-Fin-S verb|go-Inf-S adp|into noun|school noun|bye noun|bye .,,,,
,%gra,1|4|ADVMOD 2|4|NSUBJ 3|4|AUX 4|8|ROOT 5|8|CASE 6|7|COMPOUND 7|8|COMPOUND 8|4|OBL 9|4|PUNCT,,,,
NOP,*BOB,bye .,,,,
,%mor,intj|bye .,,,,
,%gra,1|1|ROOT 2|1|PUNCT,,,,
,%com,Bob calls passes and gets in .,,,,
NOP,*BOB,bye bye mother .,,,,
,%mor,noun|bye noun|bye noun|mother .,,,,
,%gra,1|2|COMPOUND 2|3|COMPOUND 3|3|ROOT 4|3|PUNCT,,,,
,%tim,0,8,30,,
,%com,but Glo is too quick,,,,
,%par,<bef .> calls,,,,
NOP,*CHI,bye bye mom .,,,,
,%mor,intj|bye intj|bye noun|mom .,,,,
,%gra,1|2|COMPOUND 2|3|COMPOUND 3|3|ROOT 4|3|PUNCT,,,,
,%com,wearing men's hats speaks,,,,
,%par,<aft> calls,,,,
NOP,*BOB,I'm not your Ma .,,,,
,%mor,pron|I-Prs-Nom-S1~aux|be-Fin-Ind-Pres-S1 part|not pron|your-Prs-Gen-S2 noun|ma .,,,,
,%gra,1|5|NSUBJ 2|5|COP 3|5|ADVMOD 4|5|NMOD-POSS 5|5|ROOT 6|5|PUNCT,,,,
,%com,drops volume and looks at Glo both close direct gaze .,,,,
NOP,*CHI,yes ya are .,,,,
,%mor,intj|yes intj|ya aux|be-Fin-Ind-Pres-S3 .,,,,
,%gra,1|3|ROOT 2|1|DISCOURSE 3|1|PARATAXIS 4|1|PUNCT,,,,
NOP,*BOB,no I'm not .,,,,
,%mor,intj|no pron|I-Prs-Nom-S1~aux|be-Fin-Ind-Pres-S1 part|not .,,,,
,%gra,1|4|DISCOURSE 2|4|NSUBJ 3|4|COP 4|4|ROOT 5|4|PUNCT,,,,
NOP,*CHI,now I'll wear cowboy hat you wanna be a cowboy ?,,,,
,%mor,adv|now pron|I-Prs-Nom-S1~aux|will-Fin-S verb|wear-Inf-S noun|cowboy noun|hat pron|you-Prs-Nom-S2 aux|wanna-Fin-S aux|be-Inf-S det|a-Ind-Art noun|cowboy ?,,,,
,%gra,1|4|ADVMOD 2|4|NSUBJ 3|4|AUX 4|11|ROOT 5|6|COMPOUND 6|4|OBJ 7|11|NSUBJ 8|11|AUX 9|11|COP 10|11|DET 11|4|PARATAXIS 12|4|PUNCT,,,,
,%com,Glo walks on past picks up cowboy hat and offers it to bob,,,,
NOP,*BOB,yeah .,,,,
,%mor,intj|yeah .,,,,
,%gra,1|1|ROOT 2|1|PUNCT,,,,
,%tim,0,8,45,,
,%com,Bob accepts rapidly and puts on hat but it doesn't do any good .,,,,
NOP,*CHI,okay .,,,,
,%mor,intj|okay .,,,,
,%gra,1|1|ROOT 2|1|PUNCT,,,,
,%com,for the next 1 line(s),Glo speaks back . Bob reacts,,,
NOP,*CHI,bye bye mom .,,,,
,%mor,intj|bye intj|bye noun|mom .,,,,
,%gra,1|2|COMPOUND 2|3|COMPOUND 3|3|ROOT 4|3|PUNCT,,,,
NOP,*BOB,I'm not mom .,,,,
,%mor,pron|I-Prs-Nom-S1~aux|be-Fin-Ind-Pres-S1 part|not noun|mom .,,,,
,%gra,1|4|NSUBJ 2|4|COP 3|4|ADVMOD 4|4|ROOT 5|4|PUNCT,,,,
,%com,"again , no response (Bob is upset)",,,,
NOP,*BOB,I'm not mom .,,,,
,%mor,pron|I-Prs-Nom-S1~aux|be-Fin-Ind-Pres-S1 part|not noun|mom .,,,,
,%gra,1|4|NSUBJ 2|4|COP 3|4|ADVMOD 4|4|ROOT 5|4|PUNCT,,,,
,%com,"repeats , Glo hums; doesn't acknowledge . pause",,,,
NOP,*CHI,xxx paddy@wp wack@wp xxx whoop@wp .,,,,
,%mor,noun|addyp noun|wackp noun|whoopp .,,,,
,%gra,1|3|COMPOUND 2|3|COMPOUND 3|3|ROOT 4|3|PUNCT,,,,
,%tim,0,9,0,,
,%com,Glo looks in mirror sings lets hats fall off .,,,,
NOP,*CHI,oo I can't see .,,,,
,%mor,intj|oo pron|I-Prs-Nom-S1 aux|can-Fin-S~part|not verb|see-Inf-S .,,,,
,%gra,1|5|DISCOURSE 2|5|NSUBJ 3|5|AUX 4|5|ADVMOD 5|5|ROOT 6|5|PUNCT,,,,
,%tim,0,9,15,,
NOP,*BOB,I don't need cowboy hat &~doan &~ba .,,,,
,%mor,pron|I-Prs-Nom-S1 aux|do-Fin-Ind-Pres-S1~part|not verb|need-Inf-S noun|cowboy noun|hat .,,,,
,%gra,1|4|NSUBJ 2|4|AUX 3|4|ADVMOD 4|6|ROOT 5|6|COMPOUND 6|4|OBJ 7|4|PUNCT,,,,
,%com,"both laugh as hats fall Glo parades and sings . Bob takes off hat . hands it to Glo she puts it on grabs steering wheel , both laugh and wrestle with wheel",,,,
,%par,<bef> laughs,,,,
NOP,*CHI,ding@wp ba@wp ding@wp ba@wp ding@wp ba@wp .,,,,
,%mor,noun|dingp noun|bap noun|dingp noun|bap noun|dingp x|bap .,,,,
,%gra,1|2|COMPOUND 2|6|COMPOUND 3|4|COMPOUND 4|6|COMPOUND 5|6|COMPOUND 6|6|ROOT 7|6|PUNCT,,,,
,%par,<aft> laugh,,,,
NOP,*BOB,no .,,,,
,%mor,intj|no .,,,,
,%gra,1|1|ROOT 2|1|PUNCT,,,,
,%par,<bef .> laughs,,,,
POL,*BOB,"please don't do it , please .",,,,
,%mor,intj|please aux|do-Fin-Imp-S~part|not verb|do-Fin-Imp-S pron|it-Prs-Acc-S3 cm|cm intj|please .,,,,
,%gra,1|4|DISCOURSE 2|4|AUX 3|4|ADVMOD 4|7|ROOT 5|4|OBJ 6|4|PUNCT 7|4|DISCOURSE 8|4|PUNCT,,,,
,%com,loose noise,,,,
POL,*BOB,please .,,,,
,%mor,intj|please .,,,,
,%gra,1|1|ROOT 2|1|PUNCT,,,,
,%tim,0,9,30,,
NOP,*CHI,you're a dinba@wp .,,,,
,%mor,pron|you-Prs-Nom-S2~aux|be-Fin-Ind-Pres-S2 det|a-Ind-Art noun|dinbap .,,,,
,%gra,1|4|NSUBJ 2|4|COP 3|4|DET 4|4|ROOT 5|4|PUNCT,,,,
NOP,*BOB,come on we're playing mother and father you know .,,,,
,%mor,verb|come-Fin-Imp-S adp|on pron|we-Prs-Nom-P1~aux|be-Fin-Ind-Pres-P1 verb|play-Part-Pres-S noun|mother cconj|and noun|father pron|you-Prs-Nom-S2 verb|know-Fin-Ind-Pres-S2 .,,,,
,%gra,1|10|ROOT 2|1|COMPOUND-PRT 3|5|NSUBJ 4|5|AUX 5|1|PARATAXIS 6|5|OBJ 7|8|CC 8|6|CONJ 9|10|NSUBJ 10|1|PARATAXIS 11|1|PUNCT,,,,
,%com,Glo sits on couch as Bob makes suggestion .,,,,
NOP,*CHI,yup .,,,,
,%mor,intj|yup .,,,,
,%gra,1|1|ROOT 2|1|PUNCT,,,,
NOP,*BOB,what ?,,,,
,%mor,pron|what-Int-S1 ?,,,,
,%gra,1|1|ROOT 2|1|PUNCT,,,,
NOP,*CHI,yup .,,,,
,%mor,intj|yup .,,,,
,%gra,1|1|ROOT 2|1|PUNCT,,,,
NOP,*BOB,do you know what ?,,,,
,%mor,aux|do-Fin-Ind-Pres-S2 pron|you-Prs-Nom-S2 verb|know-Inf-S pron|what-Int-S1 ?,,,,
,%gra,1|3|AUX 2|3|NSUBJ 3|4|ROOT 4|3|OBJ 5|3|PUNCT,,,,
,%com,but Glo interrupts with her game . touches foot and limps across room as .,,,,
NOP,*CHI,oo .,,,,
,%mor,intj|oo .,,,,
,%gra,1|1|ROOT 2|1|PUNCT,,,,
NOP,*BOB,mother .,,,,
,%mor,noun|mother .,,,,
,%gra,1|1|ROOT 2|1|PUNCT,,,,
,%tim,0,9,45,,
NOP,*CHI,eeks eeks eek .,,,,
,%mor,noun|eek-Plur noun|eek-Plur noun|eek .,,,,
,%gra,1|3|COMPOUND 2|3|COMPOUND 3|3|ROOT 4|3|PUNCT,,,,
,%par,<aft> shriek,,,,
NOP,*BOB,xxx .,,,,
NOP,*BOB,what happened ?,,,,
,%mor,pron|what-Int-S1 verb|happen-Fin-Ind-Past-S3 ?,,,,
,%gra,1|2|NSUBJ 2|2|ROOT 3|2|PUNCT,,,,
,%com,"Bob watches , slightly puzzled and asks .",,,,
NOP,*CHI,oo [!!] oo [!!] oo,[!!] oo,[!!] oo,[!!] oo,[!!] .
,%mor,intj|oo intj|oo intj|oo intj|oo intj|oo intj|oo .,,,,
,%gra,1|6|ROOT 2|1|DISCOURSE 3|1|DISCOURSE 4|1|DISCOURSE 5|1|DISCOURSE 6|1|DISCOURSE 7|1|PUNCT,,,,
,%com,Glo shrieks some more,,,,
,%par,<aft> shriek,,,,
NOP,*BOB,what happened ?,,,,
,%mor,pron|what-Int-S1 verb|happen-Fin-Ind-Past-S3 ?,,,,
,%gra,1|2|NSUBJ 2|2|ROOT 3|2|PUNCT,,,,
NOP,*CHI,oo I burned my toe burned my toe .,,,,
,%mor,intj|oo pron|I-Prs-Nom-S1 verb|burn-Fin-Ind-Past-S1 pron|my-Prs-Gen-S1 noun|toe verb|burn-Fin-Ind-Past-S3 pron|my-Prs-Gen-S1 noun|toe .,,,,
,%gra,1|3|DISCOURSE 2|3|NSUBJ 3|8|ROOT 4|5|NMOD-POSS 5|3|OBJ 6|3|XCOMP 7|8|NMOD-POSS 8|6|OBJ 9|3|PUNCT,,,,
,%com,Glo answers while standing on stool turning light switch,,,,
POL,*BOB,please don't do that [= turn switch on and off] .,,,,
,%mor,intj|please aux|do-Fin-Imp-S~part|not verb|do-Fin-Imp-S pron|that-Dem-S1 .,,,,
,%gra,1|4|DISCOURSE 2|4|AUX 3|4|ADVMOD 4|5|ROOT 5|4|OBJ 6|4|PUNCT,,,,
,%com,Bob speaks and looks at light .,,,,
NOP,*CHI,yeah .,,,,
,%mor,intj|yeah .,,,,
,%gra,1|1|ROOT 2|1|PUNCT,,,,
,%com,Glo doesn't pay much attention . Bob continues to look . at light Glo wanders around .,,,,
NOP,*BOB,or else somebody will get angry and then you might break it 0 [= switch] .,,,,
,%mor,cconj|or adv|else pron|somebody-Ind-S1 aux|will-Fin-S verb|get-Inf-S adj|angry-Pos-S1 cconj|and adv|then pron|you-Prs-Nom-S2 aux|might-Fin-S verb|break-Inf-S pron|it-Prs-Acc-S3 .,,,,
,%gra,1|5|CC 2|5|ADVMOD 3|5|NSUBJ 4|5|AUX 5|12|ROOT 6|5|XCOMP 7|11|CC 8|11|ADVMOD 9|11|NSUBJ 10|11|AUX 11|5|CONJ 12|11|OBJ 13|5|PUNCT,,,,
NOP,*CHI,hum .,,,,
,%mor,noun|hum .,,,,
,%gra,1|1|ROOT 2|1|PUNCT,,,,
,%tim,0,10,15,,
,%par,<aft> hum,,,,
NOP,*BOB,goodbye mother .,,,,
,%mor,noun|goodbye noun|mother .,,,,
,%gra,1|2|COMPOUND 2|2|ROOT 3|2|PUNCT,,,,
,%com,for the next 1 line(s),Bob looks pleased and starts goes to sack Bob has idea and tries again .,,,
,%par,<bef .> call,,,,
NOP,*CHI,goodbye father .,,,,
,%mor,noun|goodbye noun|father .,,,,
,%gra,1|2|COMPOUND 2|2|ROOT 3|2|PUNCT,,,,
,%par,<aft> call,,,,
NOP,*BOB,right that's who I .,,,,
,%mor,adv|right pron|that-Dem-S1~aux|be-Fin-Ind-Pres-S3 pron|who-Rel-S1 pron|I-Prs-Nom-S1 .,,,,
,%gra,1|4|ADVMOD 2|4|NSUBJ 3|4|COP 4|5|ROOT 5|4|ACL-RELCL 6|4|PUNCT,,,,
,%com,but Glo interrupts and he looses out again(no props this time),,,,
NOP,*CHI,no goodbye mother no you're the mother .,,,,
,%mor,det|no-Def noun|goodbye noun|mother intj|no pron|you-Prs-Nom-S2~aux|be-Fin-Ind-Pres-S2 det|the-Def-Art noun|mother .,,,,
,%gra,1|3|DET 2|3|COMPOUND 3|8|ROOT 4|8|DISCOURSE 5|8|NSUBJ 6|8|COP 7|8|DET 8|3|PARATAXIS 9|3|PUNCT,,,,
,%tim,0,10,30,,
,%par,<4w> call,,,,
NOP,*BOB,no you're the mother I'm the father .,,,,
,%mor,intj|no pron|you-Prs-Nom-S2~aux|be-Fin-Ind-Pres-S2 det|the-Def-Art noun|mother pron|I-Prs-Nom-S1~aux|be-Fin-Ind-Pres-S1 det|the-Def-Art noun|father .,,,,
,%gra,1|5|DISCOURSE 2|5|NSUBJ 3|5|COP 4|5|DET 5|9|ROOT 6|9|NSUBJ 7|9|COP 8|9|DET 9|5|ACL-RELCL 10|5|PUNCT,,,,
,%com,Glo looks at picture but turns to look at her and speaks to her back .,,,,
NOP,*CHI,I'm the father .,,,,
,%mor,pron|I-Prs-Nom-S1~aux|be-Fin-Ind-Pres-S1 det|the-Def-Art noun|father .,,,,
,%gra,1|4|NSUBJ 2|4|COP 3|4|DET 4|4|ROOT 5|4|PUNCT,,,,
NOP,*BOB,why I'm the mother ?,,,,
,%mor,adv|why pron|I-Prs-Nom-S1~aux|be-Fin-Ind-Pres-S1 det|the-Def-Art noun|mother ?,,,,
,%gra,1|5|ROOT 2|5|NSUBJ 3|5|COP 4|5|DET 5|1|ADVCL-RELCL 6|1|PUNCT,,,,
,%com,he looks back at wheel . softer,,,,
NOP,*CHI,because you're +...,,,,
,%mor,sconj|because pron|you-Prs-Nom-S2~aux|be-Fin-Ind-Pres-S2 +...,,,,
,%gra,1|3|MARK 2|3|NSUBJ 3|3|ROOT 4|3|PUNCT,,,,
NOP,*CHI,you're a girl .,,,,
,%mor,pron|you-Prs-Nom-S2~aux|be-Fin-Ind-Pres-S2 det|a-Ind-Art noun|girl .,,,,
,%gra,1|4|NSUBJ 2|4|COP 3|4|DET 4|4|ROOT 5|4|PUNCT,,,,
NOP,*BOB,I'm not a girl .,,,,
,%mor,pron|I-Prs-Nom-S1~aux|be-Fin-Ind-Pres-S1 part|not det|a-Ind-Art noun|girl .,,,,
,%gra,1|5|NSUBJ 2|5|COP 3|5|ADVMOD 4|5|DET 5|5|ROOT 6|5|PUNCT,,,,
,%com,clear and strong . Bob looking first in mirror and then at glo's back Bob keeps looking at Glo who is looking at pictures,,,,
NOP,*CHI,yes you are .,,,,
,%mor,intj|yes pron|you-Prs-Nom-S2 aux|be-Fin-Ind-Pres-S2 .,,,,
,%gra,1|3|DISCOURSE 2|3|NSUBJ 3|3|ROOT 4|3|PUNCT,,,,
,%par,sing song,,,,
NOP,*BOB,no I'm not .,,,,
,%mor,intj|no pron|I-Prs-Nom-S1~aux|be-Fin-Ind-Pres-S1 part|not .,,,,
,%gra,1|4|DISCOURSE 2|4|NSUBJ 3|4|COP 4|4|ROOT 5|4|PUNCT,,,,
NOP,*CHI,yes you are .,,,,
,%mor,intj|yes pron|you-Prs-Nom-S2 aux|be-Fin-Ind-Pres-S2 .,,,,
,%gra,1|3|DISCOURSE 2|3|NSUBJ 3|3|ROOT 4|3|PUNCT,,,,
,%par,sing song,,,,
NOP,*BOB,then I will tell on ya .,,,,
,%mor,adv|then pron|I-Prs-Nom-S1 aux|will-Fin-S verb|tell-Inf-S adp|on pron|you-Prs-Acc-S2 .,,,,
,%gra,1|4|ADVMOD 2|4|NSUBJ 3|4|AUX 4|6|ROOT 5|6|CASE 6|4|OBL 7|4|PUNCT,,,,
,%com,only now does Glo turn to look at him .,,,,
NOP,*CHI,oh okay you're a boy .,,,,
,%mor,intj|oh intj|okay pron|you-Prs-Nom-S2~aux|be-Fin-Ind-Pres-S2 det|a-Ind-Art noun|boy .,,,,
,%gra,1|6|DISCOURSE 2|6|DISCOURSE 3|6|NSUBJ 4|6|COP 5|6|DET 6|6|ROOT 7|6|PUNCT,,,,
,%com,Glo responds in normal tone,,,,
NOP,*BOB,alright mother .,,,,
,%mor,adj|alright-Pos-S1 noun|mother .,,,,
,%gra,1|2|AMOD 2|2|ROOT 3|2|PUNCT,,,,
NOP,*CHI,bye father .,,,,
,%mor,noun|bye noun|father .,,,,
,%gra,1|2|COMPOUND 2|2|ROOT 3|2|PUNCT,,,,
,%par,<aft> call,,,,
NOP,*BOB,bye bye mother .,,,,
,%mor,noun|bye noun|bye noun|mother .,,,,
,%gra,1|2|COMPOUND 2|3|COMPOUND 3|3|ROOT 4|3|PUNCT,,,,
,%par,<bef .> call,,,,
NOP,*BOB,ah I say get rid of this .,,,,
,%mor,intj|ah pron|I-Prs-Nom-S1 verb|say-Fin-Ind-Pres-S1 verb|get-Inf-S adj|rid-Pos-S1 adp|of pron|this-Dem-S1 .,,,,
,%gra,1|3|DISCOURSE 2|3|NSUBJ 3|7|ROOT 4|3|CCOMP 5|4|XCOMP 6|7|CASE 7|5|OBL 8|3|PUNCT,,,,
,%tim,0,11,0,,
,%com,Bob happy now sits and steers . loud . Glo wanders around,,,,
NOP,*BOB,right .,,,,
,%mor,adv|right .,,,,
,%gra,1|1|ROOT 2|1|PUNCT,,,,
NOP,*BOB,I'm really havin(g) fun here .,,,,
,%mor,pron|I-Prs-Nom-S1~aux|be-Fin-Ind-Pres-S1 adv|really verb|have-Part-Pres-S noun|fun adv|here .,,,,
,%gra,1|4|NSUBJ 2|4|AUX 3|4|ADVMOD 4|6|ROOT 5|4|OBJ 6|4|ADVMOD 7|4|PUNCT,,,,
,%com,soft,,,,
NOP,*BOB,where's Joy .,,,,
,%mor,adv|where~aux|be-Fin-Ind-Pres-S3 noun|Joy .,,,,
,%gra,1|3|ADVMOD 2|3|COP 3|3|ROOT 4|3|PUNCT,,,,
NOP,*CHI,he's gonna get fixed up .,,,,
,%mor,pron|he-Prs-Nom-S3~aux|be-Fin-Ind-Pres-S3 adv|gonna aux|get-Inf-S verb|fix-Part-Past-S adp|up .,,,,
,%gra,1|5|NSUBJ-PASS 2|5|AUX 3|5|ADVMOD 4|5|AUX-PASS 5|6|ROOT 6|5|COMPOUND-PRT 7|5|PUNCT,,,,
,%tim,0,11,15 00,11,30
,%com,Glo wanders,,,,
NOP,*BOB,do you know what ?,,,,
,%mor,aux|do-Fin-Ind-Pres-S2 pron|you-Prs-Nom-S2 verb|know-Inf-S pron|what-Int-S1 ?,,,,
,%gra,1|3|AUX 2|3|NSUBJ 3|4|ROOT 4|3|OBJ 5|3|PUNCT,,,,
,%com,sound straight and,,,,
NOP,*CHI,what ?,,,,
,%mor,pron|what-Int-S1 ?,,,,
,%gra,1|1|ROOT 2|1|PUNCT,,,,
,%com,for the next 1 line(s),"Glo falls for it turning to Bob , and coming toward him . Bob laughs and says",,,
NOP,*CHI,what ?,,,,
,%mor,pron|what-Int-S1 ?,,,,
,%gra,1|1|ROOT 2|1|PUNCT,,,,
NOP,*BOB,you're a nut .,,,,
,%mor,pron|you-Prs-Nom-S2~aux|be-Fin-Ind-Pres-S2 det|a-Ind-Art noun|nut .,,,,
,%gra,1|4|NSUBJ 2|4|COP 3|4|DET 4|4|ROOT 5|4|PUNCT,,,,
,%com,"both giggle , shriek and Glo dashes at him",,,,
,%par,<bef .> loud laugh,,,,
NOP,*CHI,what ?,,,,
,%mor,pron|what-Int-S1 ?,,,,
,%gra,1|1|ROOT 2|1|PUNCT,,,,
,%tim,0,11,45,,
,%par,<aft> laugh,,,,
NOP,*CHI,what ?,,,,
,%mor,pron|what-Int-S1 ?,,,,
,%gra,1|1|ROOT 2|1|PUNCT,,,,
,%par,<aft> laugh,,,,
NOP,*CHI,what's a nut what ?,,,,
,%mor,pron|what-Int-S1~aux|be-Fin-Ind-Pres-S3 det|a-Ind-Art noun|nut pron|what-Rel-S1 ?,,,,
,%gra,1|5|ROOT 2|1|COP 3|5|DET 4|5|COMPOUND 5|1|NSUBJ 6|1|PUNCT,,,,
POL,*BOB,don't do that please .,,,,
,%mor,aux|do-Fin-Imp-S~part|not verb|do-Fin-Imp-S pron|that-Dem-S1 intj|please .,,,,
,%gra,1|3|AUX 2|3|ADVMOD 3|5|ROOT 4|3|OBJ 5|3|DISCOURSE 6|3|PUNCT,,,,
,%com,as Glo takes wheel Bob speaks more conversationally asking her not to mess with wheel and horn,,,,
POL,*BOB,please .,,,,
,%mor,intj|please .,,,,
,%gra,1|1|ROOT 2|1|PUNCT,,,,
POL,*BOB,please don't do that .,,,,
,%mor,intj|please aux|do-Fin-Imp-S~part|not verb|do-Fin-Imp-S pron|that-Dem-S1 .,,,,
,%gra,1|4|DISCOURSE 2|4|AUX 3|4|ADVMOD 4|5|ROOT 5|4|OBJ 6|4|PUNCT,,,,
,%tim,0,12,0,,
,%par,<bef .> pleading,,,,
NOP,*CHI,honk honk .,,,,
,%mor,verb|honk-Fin-Imp-S noun|honk .,,,,
,%gra,1|2|ROOT 2|1|OBJ 3|1|PUNCT,,,,
POL,*BOB,please don't do that then if you do it then I won't be your friend .,,,,
,%mor,intj|please aux|do-Fin-Imp-S~part|not verb|do-Fin-Imp-S pron|that-Dem-S1 adv|then sconj|if pron|you-Prs-Nom-S2 verb|do-Fin-Ind-Pres-S2 pron|it-Prs-Acc-S3 adv|then pron|I-Prs-Nom-S1 aux|will-Fin-S~part|not aux|be-Inf-S pron|your-Prs-Gen-S2 noun|friend .,,,,
,%gra,1|4|DISCOURSE 2|4|AUX 3|4|ADVMOD 4|17|ROOT 5|4|OBJ 6|17|ADVMOD 7|9|MARK 8|9|NSUBJ 9|17|ADVCL 10|9|OBJ 11|17|ADVMOD 12|17|NSUBJ 13|17|AUX 14|17|ADVMOD 15|17|COP 16|17|NMOD-POSS 17|4|PARATAXIS 18|4|PUNCT,,,,
,%com,<6w-10w> threat <1w-5w> is almost pleading .,,,,
NOP,*CHI,&-umk .,,,,
,%com,"<aft> Glo goes to table to sack , to (pause) wall . Glo accepts",,,,
NOP,*BOB,mother .,,,,
,%mor,noun|mother .,,,,
,%gra,1|1|ROOT 2|1|PUNCT,,,,
,%com,Bob calls out .,,,,
,%par,<bef .> call,,,,
NOP,*CHI,what ?,,,,
,%mor,pron|what-Int-S1 ?,,,,
,%gra,1|1|ROOT 2|1|PUNCT,,,,
,%tim,0,12,15,,
,%com,Glo answers back to him . Bob doesn't follow through .,,,,
,%par,<aft> calls,,,,
NOP,*CHI,here what's this ?,,,,
,%mor,adv|here pron|what-Int-S1~aux|be-Fin-Ind-Pres-S3 pron|this-Dem-S1 ?,,,,
,%gra,1|4|ROOT 2|4|NSUBJ 3|4|COP 4|1|NSUBJ 5|1|PUNCT,,,,
,%com,for the next 1 line(s),Glo looks in sack and speaks,,,
NOP,*CHI,oh a hat .,,,,
,%mor,intj|oh det|a-Ind-Art noun|hat .,,,,
,%gra,1|3|DISCOURSE 2|3|DET 3|3|ROOT 4|3|PUNCT,,,,
NOP,*BOB,put it on .,,,,
,%mor,verb|put-Fin-Imp-S pron|it-Prs-Acc-S3 adv|on .,,,,
,%gra,1|3|ROOT 2|1|OBJ 3|1|ADVMOD 4|1|PUNCT,,,,
,%com,"Bob watches , Glo puts on hat and goes to mirror",,,,
NOP,*CHI,how do I look with this hat on ?,,,,
,%mor,adv|how aux|do-Fin-Ind-Pres-S1 pron|I-Prs-Nom-S1 verb|look-Inf-S adp|with det|this-Def-Dem noun|hat adv|on ?,,,,
,%gra,1|4|ADVMOD 2|4|AUX 3|4|NSUBJ 4|8|ROOT 5|7|CASE 6|7|DET 7|4|OBL 8|4|ADVMOD 9|4|PUNCT,,,,
NOP,*BOB,silly oh I need a tissue .,,,,
,%mor,adj|silly-Pos-S1 intj|oh pron|I-Prs-Nom-S1 verb|need-Fin-Ind-Pres-S1 det|a-Ind-Art noun|tissue .,,,,
,%gra,1|6|ROOT 2|4|DISCOURSE 3|4|NSUBJ 4|1|PARATAXIS 5|6|DET 6|4|OBJ 7|1|PUNCT,,,,
,%tim,0,12,30,,
NOP,*CHI,lemme see .,,,,
,%mor,intj|lemme verb|see-Fin-Imp-S .,,,,
,%gra,1|2|DISCOURSE 2|2|ROOT 3|2|PUNCT,,,,
NOP,*BOB,wait I'll get a tissue .,,,,
,%mor,verb|wait-Fin-Imp-S pron|I-Prs-Nom-S1~aux|will-Fin-S verb|get-Inf-S det|a-Ind-Art noun|tissue .,,,,
,%gra,1|6|ROOT 2|4|NSUBJ 3|4|AUX 4|1|CCOMP 5|6|DET 6|4|OBJ 7|1|PUNCT,,,,
,%com,"Glo takes off hat passes back by Bob and watches while he gets tissue out of pocket , goes on over to table . Bob sneezes .",,,,
NOP,*CHI,xxx .,,,,
NOP,*BOB,oh I gotta cook dinner oh I gotta cook dinner boy oh_boy I cook I better cook dinner .,,,,
,%mor,intj|oh pron|I-Prs-Nom-S1 aux|gotta-Fin-S verb|cook-Inf-S noun|dinner intj|oh pron|I-Prs-Nom-S1 aux|gotta-Fin-S verb|cook-Inf-S noun|dinner noun|boy noun|ohboy pron|I-Prs-Nom-S1 verb|cook-Fin-Ind-Pres-S1 pron|I-Prs-Nom-S1 adv|well verb|cook-Fin-Ind-Pres-S1 noun|dinner .,,,,
,%gra,1|4|DISCOURSE 2|4|NSUBJ 3|4|AUX 4|18|ROOT 5|4|OBJ 6|9|DISCOURSE 7|9|NSUBJ 8|9|AUX 9|4|PARATAXIS 10|11|COMPOUND 11|12|COMPOUND 12|9|OBJ 13|14|NSUBJ 14|4|PARATAXIS 15|17|NSUBJ 16|17|ADVMOD 17|14|CCOMP 18|17|OBJ 19|4|PUNCT,,,,
,%tim,0,12,45,,
,%com,for the next 1 line(s),is pretty much to himself . Glo doesn't turn around . Glo kneels by table as Bob sees stove he speaks and moves over to it,,,
NOP,*BOB,I need food where's the food ?,,,,
,%mor,pron|I-Prs-Nom-S1 verb|need-Fin-Ind-Pres-S1 noun|food adv|where~aux|be-Fin-Ind-Pres-S3 det|the-Def-Art noun|food ?,,,,
,%gra,1|2|NSUBJ 2|7|ROOT 3|2|OBJ 4|2|CCOMP 5|4|COP 6|7|DET 7|4|NSUBJ 8|2|PUNCT,,,,
,%com,"called , high level intonation Bob looks around for food",,,,
,%par,<bef .> call,,,,
NOP,*BOB,where's the food ?,,,,
,%mor,adv|where~aux|be-Fin-Ind-Pres-S3 det|the-Def-Art noun|food ?,,,,
,%gra,1|4|ROOT 2|1|COP 3|4|DET 4|1|NSUBJ 5|1|PUNCT,,,,
,%com,rising differs in intonation,,,,
NOP,*CHI,what ?,,,,
,%mor,pron|what-Int-S1 ?,,,,
,%gra,1|1|ROOT 2|1|PUNCT,,,,
,%com,Glo speaks slowly,,,,
NOP,*BOB,where's the food ?,,,,
,%mor,adv|where~aux|be-Fin-Ind-Pres-S3 det|the-Def-Art noun|food ?,,,,
,%gra,1|4|ROOT 2|1|COP 3|4|DET 4|1|NSUBJ 5|1|PUNCT,,,,
,%com,for the next 2 line(s),is rapid rising like his previous question,,,
NOP,*CHI,I don't know what ?,,,,
,%mor,pron|I-Prs-Nom-S1 aux|do-Fin-Ind-Pres-S1~part|not verb|know-Inf-S pron|what-Int-S1 ?,,,,
,%gra,1|4|NSUBJ 2|4|AUX 3|4|ADVMOD 4|5|ROOT 5|4|OBJ 6|4|PUNCT,,,,
NOP,*BOB,oh .,,,,
,%mor,intj|oh .,,,,
,%gra,1|1|ROOT 2|1|PUNCT,,,,
,%tim,0,13,0,,
NOP,*BOB,you [!!] know [!!] what [!!] ?,,,,
,%mor,pron|you-Prs-Nom-S2 verb|know-Fin-Ind-Pres-S2 pron|what-Int-S1 ?,,,,
,%gra,1|2|NSUBJ 2|3|ROOT 3|2|OBJ 4|2|PUNCT,,,,
,%com,"Glo leaves table Bob initiates s a , but doesn't follow through .",,,,
NOP,*CHI,what ?,,,,
,%mor,pron|what-Int-S1 ?,,,,
,%gra,1|1|ROOT 2|1|PUNCT,,,,
NOP,*CHI,oh I'll have a ride .,,,,
,%mor,intj|oh pron|I-Prs-Nom-S1~aux|will-Fin-S verb|have-Inf-S det|a-Ind-Art noun|ride .,,,,
,%gra,1|4|DISCOURSE 2|4|NSUBJ 3|4|AUX 4|6|ROOT 5|6|DET 6|4|OBJ 7|4|PUNCT,,,,
,%com,Glo speaks quickly as she gets on car,,,,
NOP,*BOB,alright I'll ride in just a minute .,,,,
,%mor,intj|alright pron|I-Prs-Nom-S1~aux|will-Fin-S verb|ride-Inf-S adp|in adv|just det|a-Ind-Art noun|minute .,,,,
,%gra,1|4|DISCOURSE 2|4|NSUBJ 3|4|AUX 4|8|ROOT 5|4|COMPOUND-PRT 6|8|ADVMOD 7|8|DET 8|4|OBL 9|4|PUNCT,,,,
,%com,Bob comes to car takes wheel and is going to get on,,,,
NOP,*CHI,no .,,,,
,%mor,intj|no .,,,,
,%gra,1|1|ROOT 2|1|PUNCT,,,,
,%com,Glo protests loud and clear,,,,
,%par,loud,,,,
NOP,*BOB,why ?,,,,
,%mor,adv|why ?,,,,
,%gra,1|1|ROOT 2|1|PUNCT,,,,
,%com,Bob backs down .,,,,
NOP,*CHI,cause I got on [!!] it [= car] .,,,,
,%mor,sconj|cause pron|I-Prs-Nom-S1 verb|get-Fin-Ind-Past-S1 adp|on pron|it-Prs-Acc-S3 .,,,,
,%gra,1|3|MARK 2|3|NSUBJ 3|5|ROOT 4|5|CASE 5|3|OBL 6|3|PUNCT,,,,
,%tim,0,13,15,,
,%par,<5w> emphatic,,,,
NOP,*BOB,when you gonna be finished ?,,,,
,%mor,adv|when pron|you-Prs-Nom-S2 aux|gonna-Fin-S aux|be-Inf-S verb|finish-Part-Past-S ?,,,,
,%gra,1|5|ADVMOD 2|5|NSUBJ-PASS 3|5|AUX 4|5|AUX-PASS 5|5|ROOT 6|5|PUNCT,,,,
,%com,for the next 1 line(s),Glo steers and Bob goes to light switch as he asks . he starts clicking switch,,,
NOP,*BOB,when ?,,,,
,%mor,adv|when ?,,,,
,%gra,1|1|ROOT 2|1|PUNCT,,,,
NOP,*CHI,oh you're gonna be in trouble .,,,,
,%mor,intj|oh pron|you-Prs-Nom-S2~aux|be-Fin-Ind-Pres-S2 part|gonna aux|be-Inf-S adp|in noun|trouble .,,,,
,%gra,1|7|DISCOURSE 2|7|NSUBJ 3|7|AUX 4|7|ADVMOD 5|7|COP 6|7|CASE 7|7|ROOT 8|7|PUNCT,,,,
,%com,Glo responds and both look at lights . Bob desists,,,,
NOP,*CHI,&~tend that was fun doing .,,,,
,%mor,pron|that-Dem-S1 aux|be-Fin-Ind-Past-S3 adj|fun-Pos-S1 verb|do-Ger-S .,,,,
,%gra,1|4|NSUBJ 2|4|COP 3|4|ADVMOD 4|4|ROOT 5|4|PUNCT,,,,
,%tim,0,13,30,,
,%com,Bob jumps yells happily and reaches for light again . pause . referent is to turning on and off light .,,,,
NOP,*BOB,I hafta go to the bathroom .,,,,
,%mor,pron|I-Prs-Nom-S1 aux|hafta-Fin-S verb|go-Inf-S adp|to det|the-Def-Art noun|bathroom .,,,,
,%gra,1|3|NSUBJ 2|3|AUX 3|6|ROOT 4|6|CASE 5|6|DET 6|3|OBL 7|3|PUNCT,,,,
,%com,Bob sits on stool .,,,,
,%par,<bef .> shriek,,,,
NOP,*CHI,&-umk .,,,,
NOP,*CHI,&~u .,,,,
,%com,"Glo gets off car , walks away and Bob gets on to car right away Glo stands quietly near car looking at floor .",,,,
,%par,<1w> whisper,,,,
NOP,*BOB,there .,,,,
,%mor,adv|there .,,,,
,%gra,1|1|ROOT 2|1|PUNCT,,,,
,%tim,0,13,45,,
NOP,*BOB,there's my car .,,,,
,%mor,pron|there-Int-S1~verb|be-Fin-Ind-Pres-S3 pron|my-Prs-Gen-S1 noun|car .,,,,
,%gra,1|2|EXPL 2|4|ROOT 3|4|NMOD-POSS 4|2|NSUBJ 5|2|PUNCT,,,,
,%com,is joyous . getting back on car .,,,,
,%par,<bef> sing,,,,
NOP,*BOB,hey wait a minute mother .,,,,
,%mor,intj|hey verb|wait-Fin-Imp-S det|a-Ind-Art noun|minute noun|mother .,,,,
,%gra,1|2|DISCOURSE 2|5|ROOT 3|4|DET 4|5|COMPOUND 5|2|OBJ 6|2|PUNCT,,,,
,%com,more quiet and directed,,,,
NOP,*CHI,what ?,,,,
,%mor,pron|what-Int-S1 ?,,,,
,%gra,1|1|ROOT 2|1|PUNCT,,,,
,%com,Bob looks and listens they both are quiet,,,,
NOP,*BOB,d(o) ya hear that sound ?,,,,
,%mor,aux|do-Fin-Imp-S pron|you-Prs-Nom-S2 verb|hear-Inf-S det|that-Def-Dem noun|sound ?,,,,
,%gra,1|3|AUX 2|3|NSUBJ 3|5|ROOT 4|5|DET 5|3|OBJ 6|3|PUNCT,,,,
NOP,*CHI,hm ?,,,,
,%mor,intj|hm ?,,,,
,%gra,1|1|ROOT 2|1|PUNCT,,,,
,%com,Glo a little abstracted Bob listening .,,,,
NOP,*BOB,quiet .,,,,
,%mor,adj|quiet-Pos-S1 .,,,,
,%gra,1|1|ROOT 2|1|PUNCT,,,,
,%tim,0,14,0,,
,%com,Bob reaches to touch her hand just as door opens and both turn to sally,,,,
NOP,*BOB,see .,,,,
,%mor,verb|see-Fin-Imp-S .,,,,
,%gra,1|1|ROOT 2|1|PUNCT,,,,
NOP,*CHI,yeah quiet .,,,,
,%mor,intj|yeah adj|quiet-Pos-S1 .,,,,
,%gra,1|2|DISCOURSE 2|2|ROOT 3|2|PUNCT,,,,
,%tim,0,14,15,,
,@End,,,,,