Annotations,Speaker,Utterance
,@UTF8,
,@PID,11312/c-00015388-1
,@Begin,
,@Languages,eng
,@Participants,"CHI Target_Child, KAR Investigator, RAN Adult"
,@Options,multi
,@ID,eng|Bliss|CHI|3;04.|female|TD||Target_Child|||
,@ID,eng|Bliss|KAR|||||Investigator|||
,@ID,eng|Bliss|RAN|||||Adult|||
,@Types,"cross, toyplay, TD"
NOP,*CHI,is that a radio ?
NOP,*CHI,I'm gonna take it home and I'm gonna show my mom .
NOP,*CHI,her's gonna make .
NOP,*CHI,are you gonna make this ?
NOP,*KAR,who do you think this man is ?
NOP,*CHI,crazy .
NOP,*KAR,what time do you eat supper at ?
NOP,*CHI,at my house ?
NOP,*CHI,a sticker &~ah there right ?
NOP,*CHI,<what's that on> [/] <on the tabe> [//] <by the tabe> [//] by the window ?
NOP,*KAR,can you describe the snowman to me ?
,%mor,aux|can-Fin-S pron|you-Prs-Nom-S2 verb|describe-Inf-S det|the-Def-Art noun|snowman adp|to pron|I-Prs-Acc-S1 ?
,%gra,1|3|AUX 2|3|NSUBJ 3|7|ROOT 4|5|DET 5|3|OBJ 6|7|CASE 7|3|OBL 8|3|PUNCT
POL,*CHI,I don't know I can .
NOP,*KAR,what's this a picture of ?
NOP,*CHI,a lady .
NOP,*KAR,can you tell me about the lady ?
NOP,*CHI,got lipstick on .
NOP,*KAR,what else can you tell me about her ?
,*CHI,she's got (.) curly hair .
NOP,*KAR,do you think she's a nice lady ?
NOP,*CHI,my stomach hurts .
NOP,*KAR,oh dear .
NOP,*KAR,why ?
NOP,*CHI,cause it does .
NOP,*KAR,do you need something for it ?
NOP,*CHI,<I just had a thing> [//] I just had a cough drop .
NOP,*CHI,(o)kay let's have another picture on here .
POL,*CHI,I'll put it on (o)kay ?
NOP,*KAR,how do you think this woman feels ?
NOP,*CHI,that woman ?
NOP,*KAR,try to imagine how she feels and tell me .
NOP,*CHI,she feels a lot .
NOP,*KAR,what do you call that ?
NOP,*CHI,a big thing .
NOP,*KAR,what's the baby doing Melissa ?
NOP,*CHI,<put the> [/] the baby's diaper (.) that thing on (.) on the bum .
NOP,*KAR,how does it make the baby feel to get his diaper changed ?
NOP,*CHI,cause he (.) do something .
NOP,*CHI,(o)kay let's play the game now .
NOP,*KAR,what's this a picture of ?
NOP,*CHI,<the (ba)by> [//] the mother kissing the baby .
NOP,*CHI,where's Randy ?
NOP,*KAR,why do you think the mother is kissing the baby ?
NOP,*CHI,<cause it> [//] she wants to .
NOP,*CHI,you gotta lick it right ?
NOP,*CHI,I'll lick him (o)kay ?
NOP,*KAR,right .
NOP,*KAR,and we've got some more pictures of him .
NOP,*CHI,what ?
,%mor,pron|what-Int-S1 ?
,%gra,1|1|ROOT 2|1|PUNCT
NOP,*CHI,who barked ?
,%mor,pron|who-Rel-S1 verb|bark-Fin-Ind-Past-S3 ?
,%gra,1|2|NSUBJ 2|2|ROOT 3|2|PUNCT
,%exp,Our dogs were barking
NOP,*CHI,dog ?
,%mor,noun|dog ?
,%gra,1|1|ROOT 2|1|PUNCT
,%com,<aft> sequence of bear pictures
NOP,*KAR,tell me what the bear is doing here .
,%mor,verb|tell-Fin-Imp-S pron|I-Prs-Acc-S1 pron|what-Rel-S1 det|the-Def-Art noun|bear aux|be-Fin-Ind-Pres-S3 verb|do-Part-Pres-S adv|here .
,%gra,1|8|ROOT 2|1|IOBJ 3|7|OBJ 4|5|DET 5|7|NSUBJ 6|7|AUX 7|1|CCOMP 8|7|ADVMOD 9|1|PUNCT
,%gpx,Indicated one picture
NOP,*CHI,he's putting &-um (.) grass and he's eating it .
,%mor,pron|he-Prs-Nom-S3~aux|be-Fin-Ind-Pres-S3 verb|put-Part-Pres-S noun|grass cconj|and pron|he-Prs-Nom-S3~aux|be-Fin-Ind-Pres-S3 verb|eat-Part-Pres-S pron|it-Prs-Acc-S3 .
,%gra,1|3|NSUBJ 2|3|AUX 3|9|ROOT 4|3|OBJ 5|8|CC 6|8|NSUBJ 7|8|AUX 8|3|CONJ 9|8|OBJ 10|3|PUNCT
,%act,Given a sticker
NOP,*CHI,"put it right here , right ?"
,%mor,verb|put-Fin-Imp-S pron|it-Prs-Acc-S3 adv|right adv|here cm|cm adv|right ?
,%gra,1|6|ROOT 2|1|OBJ 3|4|ADVMOD 4|1|ADVMOD 5|1|PUNCT 6|1|ADVMOD 7|1|PUNCT
,%com,Bear pictures still
NOP,*KAR,what did he do before he took a bath ?
,%mor,pron|what-Int-S1 aux|do-Fin-Ind-Past-S3 pron|he-Prs-Nom-S3 verb|do-Inf-S sconj|before pron|he-Prs-Nom-S3 verb|take-Fin-Ind-Past-S3 det|a-Ind-Art noun|bath ?
,%gra,1|4|OBJ 2|4|AUX 3|4|NSUBJ 4|9|ROOT 5|7|MARK 6|7|NSUBJ 7|4|ADVCL 8|9|DET 9|7|OBJ 10|4|PUNCT
NOP,*CHI,what ?
,%mor,pron|what-Int-S1 ?
,%gra,1|1|ROOT 2|1|PUNCT
NOP,*CHI,"before he took a bath , what did he do ?"
,%mor,sconj|before pron|he-Prs-Nom-S3 verb|take-Fin-Ind-Past-S3 det|a-Ind-Art noun|bath cm|cm pron|what-Int-S1 aux|do-Fin-Ind-Past-S3 pron|he-Prs-Nom-S3 verb|do-Inf-S ?
,%gra,1|3|MARK 2|3|NSUBJ 3|10|ADVCL 4|5|DET 5|3|OBJ 6|10|PUNCT 7|10|OBJ 8|10|AUX 9|10|NSUBJ 10|10|ROOT 11|10|PUNCT
NOP,*CHI,ate the grass and he spit it out .
,%mor,verb|eat-Fin-Ind-Past-S1 det|the-Def-Art noun|grass cconj|and pron|he-Prs-Nom-S3 verb|spit-Fin-Ind-Past-S3 pron|it-Prs-Acc-S3 adp|out .
,%gra,1|8|ROOT 2|3|DET 3|1|OBJ 4|6|CC 5|6|NSUBJ 6|1|CONJ 7|6|OBJ 8|6|COMPOUND-PRT 9|1|PUNCT
 NOP,*KAR,what was he doing in this picture ?
,%mor,pron|what-Int-S1 aux|be-Fin-Ind-Past-S3 pron|he-Prs-Nom-S3 verb|do-Part-Pres-S adp|in det|this-Def-Dem noun|picture ?
,%gra,1|4|OBJ 2|4|AUX 3|4|NSUBJ 4|7|ROOT 5|7|CASE 6|7|DET 7|4|OBL 8|4|PUNCT
NOP,*CHI,he was laying down .
,%mor,pron|he-Prs-Nom-S3 aux|be-Fin-Ind-Past-S3 verb|lay-Part-Pres-S adp|down .
,%gra,1|3|NSUBJ 2|3|AUX 3|4|ROOT 4|3|COMPOUND-PRT 5|3|PUNCT
,%act,Given a sticker
NOP,*CHI,<we got> [//] gotta [//] <we gotta stick this on the> [//] the page .
,%mor,det|the-Def-Art noun|page .
,%gra,1|2|DET 2|2|ROOT 3|2|PUNCT
,%xpho,<9w-10w> d&
NOP,*KAR,I have a picture of two friends and I want you to tell me what they are doing .
,%mor,pron|I-Prs-Nom-S1 verb|have-Fin-Ind-Pres-S1 det|a-Ind-Art noun|picture adp|of num|two noun|friend-Plur cconj|and pron|I-Prs-Nom-S1 verb|want-Fin-Ind-Pres-S1 pron|you-Prs-Acc-S2 part|to verb|tell-Inf-S pron|I-Prs-Acc-S1 pron|what-Rel-S1 pron|they-Prs-Nom-P3 aux|be-Fin-Ind-Pres-P3 verb|do-Part-Pres-S .
,%gra,1|2|NSUBJ 2|18|ROOT 3|4|DET 4|2|OBJ 5|7|CASE 6|7|NUMMOD 7|4|NMOD 8|10|CC 9|10|NSUBJ 10|2|CONJ 11|10|OBJ 12|13|MARK 13|10|XCOMP 14|13|IOBJ 15|18|OBJ 16|18|NSUBJ 17|18|AUX 18|13|CCOMP 19|2|PUNCT
,%exp,Picture of two boys rollerskating
NOP,*KAR,what are they doing ?
,%mor,pron|what-Int-S1 aux|be-Fin-Ind-Pres-P3 pron|they-Prs-Nom-P3 verb|do-Part-Pres-S ?
,%gra,1|4|OBJ 2|4|AUX 3|4|NSUBJ 4|4|ROOT 5|4|PUNCT
NOP,*CHI,rollerskating and they're stickin(g) mouth out (.) your friends .
,%mor,noun|rollerskating cconj|and pron|they-Prs-Nom-P3~aux|be-Fin-Ind-Pres-P3 verb|stick-Part-Pres-S noun|mouth adp|out pron|your-Prs-Gen-S2 noun|friend-Plur .
,%gra,1|9|ROOT 2|5|CC 3|5|NSUBJ 4|5|AUX 5|1|CONJ 6|5|OBJ 7|5|COMPOUND-PRT 8|9|NMOD-POSS 9|5|OBJ 10|1|PUNCT
,%xpho,<3w> dere
NOP,*KAR,they're what ?
,%mor,pron|they-Prs-Nom-P3~aux|be-Fin-Ind-Pres-P3 pron|what-Rel-S1 ?
,%gra,1|3|NSUBJ 2|3|COP 3|3|ROOT 4|3|PUNCT
NOP,*CHI,they do this .
,%mor,pron|they-Prs-Nom-P3 verb|do-Fin-Ind-Pres-P3 pron|this-Dem-S1 .
,%gra,1|2|NSUBJ 2|3|ROOT 3|2|OBJ 4|2|PUNCT
,%act,<aft> opened her mouth and stuck out her tongue
NOP,*CHI,that you ?
,%mor,sconj|that pron|you-Prs-Acc-S2 ?
,%gra,1|2|DET 2|2|ROOT 3|2|PUNCT
,%exp,picture of a woman riding a bike
NOP,*KAR,no it's someone else .
,%mor,intj|no pron|it-Prs-Nom-S3~aux|be-Fin-Ind-Pres-S3 pron|someone-Ind-S1 adj|else-Pos-S1 .
,%gra,1|4|DISCOURSE 2|4|NSUBJ 3|4|COP 4|5|ROOT 5|4|AMOD 6|4|PUNCT
NOP,*CHI,it's a lady .
,%mor,pron|it-Prs-Nom-S3~aux|be-Fin-Ind-Pres-S3 det|a-Ind-Art noun|lady .
,%gra,1|4|NSUBJ 2|4|COP 3|4|DET 4|4|ROOT 5|4|PUNCT
NOP,*CHI,let's play the game .
,%mor,verb|let-Fin-Imp-S~pron|we-Prs-Acc-P1 verb|play-Inf-S det|the-Def-Art noun|game .
,%gra,1|5|ROOT 2|1|OBJ 3|1|XCOMP 4|5|DET 5|3|OBJ 6|1|PUNCT
NOP,*CHI,girl monkeys !
,%mor,noun|girl noun|monkey-Plur !
,%gra,1|2|COMPOUND 2|2|ROOT 3|2|PUNCT
,%exp,<1w> Two pictures of monkeys dressed up like women
NOP,*CHI,look at his hands .
,%mor,verb|look-Fin-Imp-S adp|at pron|his-Prs-Gen-S3 noun|hand-Plur .
,%gra,1|4|ROOT 2|4|CASE 3|4|NMOD-POSS 4|1|OBL 5|1|PUNCT
NOP,*KAR,which one do you wanna tell me a story about ?
,%mor,det|which-Def-Int noun|one aux|do-Fin-Ind-Pres-S2 pron|you-Prs-Nom-S2 intj|wanna verb|tell-Inf-S pron|I-Prs-Acc-S1 det|a-Ind-Art noun|story adp|about ?
,%gra,1|2|DET 2|6|OBJ 3|6|AUX 4|6|NSUBJ 5|6|DISCOURSE 6|10|ROOT 7|6|IOBJ 8|9|DET 9|6|OBJ 10|2|CASE 11|6|PUNCT
NOP,*KAR,pick one .
,%mor,verb|pick-Fin-Imp-S num|one .
,%gra,1|2|ROOT 2|1|OBJ 3|1|PUNCT
,*CHI,I want that one [//] I want the other one .
,%mor,pron|I-Prs-Nom-S1 verb|want-Fin-Ind-Pres-S1 sconj|that pron|I-Prs-Nom-S1 verb|want-Fin-Ind-Pres-S1 det|the-Def-Art adj|other-Pos-S1 noun|one .
,%gra,1|2|NSUBJ 2|8|ROOT 3|5|MARK 4|5|NSUBJ 5|2|CCOMP 6|8|DET 7|8|AMOD 8|5|OBJ 9|2|PUNCT
,%act,<bef> Pointing to one
NOP,*CHI,can I take it home ?
,%mor,aux|can-Fin-S pron|I-Prs-Nom-S1 verb|take-Inf-S pron|it-Prs-Acc-S3 adv|home ?
,%gra,1|3|AUX 2|3|NSUBJ 3|5|ROOT 4|3|OBJ 5|3|ADVMOD 6|3|PUNCT
,%exp,<1w> Monkey picture
NOP,*CHI,I wanna .
,%mor,pron|I-Prs-Nom-S1 verb|wanna-Fin-Ind-Pres-S1 .
,%gra,1|2|NSUBJ 2|2|ROOT 3|2|PUNCT
NOP,*KAR,make up a story about it .
,%mor,verb|make-Fin-Imp-S adp|up det|a-Ind-Art noun|story adp|about pron|it-Prs-Acc-S3 .
,%gra,1|6|ROOT 2|1|COMPOUND-PRT 3|4|DET 4|1|OBJ 5|6|CASE 6|4|NMOD 7|1|PUNCT
NOP,*CHI,got a necklace on and dress on and he's a girl .
,%mor,verb|get-Fin-Ind-Past-S1 det|a-Ind-Art noun|necklace adv|on cconj|and verb|dress-Fin-Ind-Pres-S1 adp|on cconj|and pron|he-Prs-Nom-S3~aux|be-Fin-Ind-Pres-S3 det|a-Ind-Art noun|girl .
,%gra,1|12|ROOT 2|3|DET 3|1|OBJ 4|1|COMPOUND-PRT 5|6|CC 6|1|CONJ 7|6|COMPOUND-PRT 8|12|CC 9|12|NSUBJ 10|12|COP 11|12|DET 12|1|CONJ 13|1|PUNCT
,%par,laughed
NOP,*CHI,him (sup)posed (t)o be a (.) a girl .
,%mor,pron|he-Prs-Acc-S3 verb|suppose-Part-Past-S part|to aux|be-Inf-S det|a-Ind-Art det|a-Ind-Art noun|girl .
,%gra,1|2|NSUBJ 2|7|ROOT 3|7|MARK 4|7|COP 5|7|DET 6|7|DET 7|2|XCOMP 8|2|PUNCT
NOP,*CHI,lemme see <that w> [//] other one .
,%mor,intj|lemme verb|see-Fin-Imp-S adj|other-Pos-S1 noun|one .
,%gra,1|2|DISCOURSE 2|4|ROOT 3|4|AMOD 4|2|OBJ 5|2|PUNCT
NOP,*CHI,look at his hands .
,%mor,verb|look-Fin-Imp-S adp|at pron|his-Prs-Gen-S3 noun|hand-Plur .
,%gra,1|4|ROOT 2|4|CASE 3|4|NMOD-POSS 4|1|OBL 5|1|PUNCT
,%par,laughed
NOP,*KAR,do you wanna tell me a bigger story about this one or that one ?
,%mor,aux|do-Fin-Ind-Pres-S2 pron|you-Prs-Nom-S2 intj|wanna verb|tell-Inf-S pron|I-Prs-Acc-S1 det|a-Ind-Art adj|big-Cmp-S1 noun|story adp|about det|this-Def-Dem noun|one cconj|or det|that-Def-Dem noun|one ?
,%gra,1|4|AUX 2|4|NSUBJ 3|4|DISCOURSE 4|14|ROOT 5|4|IOBJ 6|8|DET 7|8|AMOD 8|4|OBJ 9|11|CASE 10|11|DET 11|8|NMOD 12|14|CC 13|14|DET 14|11|CONJ 15|4|PUNCT
NOP,*CHI,this one .
,%mor,det|this-Def-Dem noun|one .
,%gra,1|2|DET 2|2|ROOT 3|2|PUNCT
NOP,*CHI,he's bigger .
,%mor,pron|he-Prs-Nom-S3~aux|be-Fin-Ind-Pres-S3 adj|big-Cmp-S1 .
,%gra,1|3|NSUBJ 2|3|COP 3|3|ROOT 4|3|PUNCT
NOP,*CHI,I'm gonna take all those things home .
,%mor,pron|I-Prs-Nom-S1~aux|be-Fin-Ind-Pres-S1 adv|gonna verb|take-Inf-S det|all-Def det|that-Def-Dem noun|thing-Plur adv|home .
,%gra,1|4|NSUBJ 2|4|AUX 3|4|ADVMOD 4|8|ROOT 5|7|DET-PREDET 6|7|DET 7|4|OBJ 8|4|ADVMOD 9|4|PUNCT
NOP,*CHI,gonna ask my mom I can .
,%mor,adv|gonna verb|ask-Fin-S pron|my-Prs-Gen-S1 noun|mom pron|I-Prs-Nom-S1 aux|can-Fin-S .
,%gra,1|2|ADVMOD 2|6|ROOT 3|4|NMOD-POSS 4|2|IOBJ 5|6|NSUBJ 6|2|CCOMP 7|2|PUNCT
NOP,*CHI,there's two of em .
,%mor,pron|there-Int-S1~verb|be-Fin-Ind-Pres-S3 num|two adp|of pron|they-Prs-Acc-P3 .
,%gra,1|2|EXPL 2|5|ROOT 3|2|NSUBJ 4|5|CASE 5|3|NMOD 6|2|PUNCT
,*CHI,look his teeth .
,%mor,verb|look-Fin-Imp-S pron|his-Prs-Gen-S3 noun|tooth-Plur .
,%gra,1|3|ROOT 2|3|NMOD-POSS 3|1|OBJ 4|1|PUNCT
,%par,<1w> laughed
NOP,*CHI,look at his long hands .
,%mor,verb|look-Fin-Imp-S adp|at pron|his-Prs-Gen-S3 adj|long-Pos-S1 noun|hand-Plur .
,%gra,1|5|ROOT 2|5|CASE 3|5|NMOD-POSS 4|5|AMOD 5|1|OBL 6|1|PUNCT
NOP,*CHI,guess what I have for lunch ?
,%mor,verb|guess-Fin-Imp-S pron|what-Rel-S1 pron|I-Prs-Nom-S1 verb|have-Fin-Ind-Pres-S1 adp|for noun|lunch ?
,%gra,1|6|ROOT 2|1|OBJ 3|4|NSUBJ 4|2|ACL-RELCL 5|6|CASE 6|4|OBL 7|1|PUNCT
NOP,*KAR,what ?
,%mor,pron|what-Int-S1 ?
,%gra,1|1|ROOT 2|1|PUNCT
NOP,*CHI,grill cheese sandwich .
,%mor,noun|grill noun|cheese noun|sandwich .
,%gra,1|3|ROOT 2|3|COMPOUND 3|1|OBJ 4|1|PUNCT
NOP,*KAR,take a look at this picture Melissa .
,%mor,verb|take-Fin-Imp-S det|a-Ind-Art noun|look adp|at det|this-Def-Dem noun|picture noun|Melissa .
,%gra,1|7|ROOT 2|3|DET 3|1|OBJ 4|7|CASE 5|7|DET 6|7|COMPOUND 7|1|OBL 8|1|PUNCT
,%exp,Picture of a monkey talking on the telephone while eating and drinking .
NOP,*CHI,drinkin(g) juice (.) and he's eatin(g) chips .
,%mor,noun|drinking noun|juice cconj|and pron|he-Prs-Nom-S3~aux|be-Fin-Ind-Pres-S3 verb|eat-Part-Pres-S noun|chip-Plur .
,%gra,1|2|COMPOUND 2|7|ROOT 3|6|CC 4|6|NSUBJ 5|6|AUX 6|2|CONJ 7|6|OBJ 8|2|PUNCT
NOP,*CHI,I'm not keep this one keepin(g) this one (o)kay ?
,%mor,pron|I-Prs-Nom-S1~aux|be-Fin-Ind-Pres-S1 part|not verb|keep-Inf-S det|this-Def-Dem noun|one verb|keep-Ger-S det|this-Def-Dem noun|one adj|okay-Pos-S1 ?
,%gra,1|4|NSUBJ 2|4|AUX 3|4|ADVMOD 4|10|ROOT 5|6|DET 6|4|OBJ 7|4|ADVCL 8|9|DET 9|7|OBJ 10|7|XCOMP 11|4|PUNCT
,%exp,choice of pictures
NOP,*CHI,I'll put this on here kayr [okay] ?
,%mor,pron|I-Prs-Nom-S1~aux|will-Fin-S verb|put-Inf-S pron|this-Dem-S1 adp|on adv|here adj|okay-Pos-S1 ?
,%gra,1|3|NSUBJ 2|3|AUX 3|7|ROOT 4|3|OBJ 5|6|CASE 6|3|OBL 7|3|ADVMOD 8|3|PUNCT
,%exp,picture on table
NOP,*KAR,what does this monkey like to drink ?
,%mor,pron|what-Int-S1 aux|do-Fin-Ind-Pres-S3 det|this-Def-Dem noun|monkey verb|like-Inf-S part|to verb|drink-Inf-S ?
,%gra,1|7|OBJ 2|5|AUX 3|4|DET 4|5|NSUBJ 5|7|ROOT 6|7|MARK 7|5|XCOMP 8|5|PUNCT
NOP,*CHI,he likes milk (.) pop (.) pop .
,%mor,pron|he-Prs-Nom-S3 verb|like-Fin-Ind-Pres-S3 noun|milk noun|pop noun|pop .
,%gra,1|2|NSUBJ 2|5|ROOT 3|5|COMPOUND 4|5|COMPOUND 5|2|OBJ 6|2|PUNCT
NOP,*KAR,do you like to drink pop ?
,%mor,aux|do-Fin-Ind-Pres-S2 pron|you-Prs-Nom-S2 verb|like-Inf-S part|to verb|drink-Inf-S noun|pop ?
,%gra,1|3|AUX 2|3|NSUBJ 3|6|ROOT 4|5|MARK 5|3|XCOMP 6|5|OBJ 7|3|PUNCT
NOP,*CHI,I like drinkin(g) pop .
,%mor,pron|I-Prs-Nom-S1 verb|like-Fin-Ind-Pres-S1 verb|drink-Ger-S noun|pop .
,%gra,1|2|NSUBJ 2|4|ROOT 3|4|AMOD 4|2|OBJ 5|2|PUNCT
NOP,*CHI,let's do &-uh game now .
,%mor,verb|let-Fin-Imp-S~pron|we-Prs-Acc-P1 verb|do-Inf-S noun|game adv|now .
,%gra,1|5|ROOT 2|1|OBJ 3|1|XCOMP 4|3|OBJ 5|3|ADVMOD 6|1|PUNCT
NOP,*KAR,tell me about the monkey .
,%mor,verb|tell-Fin-Imp-S pron|I-Prs-Acc-S1 adp|about det|the-Def-Art noun|monkey .
,%gra,1|5|ROOT 2|1|IOBJ 3|5|CASE 4|5|DET 5|1|OBL 6|1|PUNCT
,%exp,Picture of a monkey having breakfast in bed
,*CHI,<he was (ea)t> [//] she was eat breakfast with dat [that] banana .
,%mor,pron|she-Prs-Nom-S3 aux|be-Fin-Ind-Past-S3 verb|eat-Part-Past-S noun|breakfast adp|with det|that-Def-Dem noun|banana .
,%gra,1|3|NSUBJ 2|3|AUX 3|7|ROOT 4|3|OBJ 5|7|CASE 6|7|DET 7|3|OBL 8|3|PUNCT
,%par,laughed .
,%xpho,<7w> brekt&hs
NOP,*CHI,she was eat breakfast and she's got whiskers on .
,%mor,pron|she-Prs-Nom-S3 aux|be-Fin-Ind-Past-S3 verb|eat-Part-Past-S noun|breakfast cconj|and pron|she-Prs-Nom-S3~aux|be-Fin-Ind-Pres-S3 verb|get-Part-Past-S noun|whisker-Plur adv|on .
,%gra,1|3|NSUBJ 2|3|AUX 3|10|ROOT 4|3|OBJ 5|8|CC 6|8|NSUBJ 7|8|AUX 8|3|CONJ 9|8|OBJ 10|8|ADVMOD 11|3|PUNCT
,%xpho,<4w> brekt&hs
NOP,*KAR,what's in front of her ?
,%mor,pron|what-Int-S1~aux|be-Fin-Ind-Pres-S3 adp|in noun|front adp|of pron|her-Prs-Acc-S3 ?
,%gra,1|4|NSUBJ 2|4|COP 3|4|CASE 4|6|ROOT 5|6|CASE 6|4|NMOD 7|4|PUNCT
NOP,*CHI,this ?
,%mor,pron|this-Dem-S1 ?
,%gra,1|1|ROOT 2|1|PUNCT
NOP,*CHI,banana ?
,%mor,noun|banana ?
,%gra,1|1|ROOT 2|1|PUNCT
NOP,*CHI,"I don't wanna look all these pictures anymore , (o)kay ?"
,%mor,pron|I-Prs-Nom-S1 aux|do-Fin-Ind-Pres-S1~part|not adv|wanna verb|look-Inf-S det|all-Def det|this-Def-Dem noun|picture-Plur adv|anymore cm|cm intj|okay ?
,%gra,1|5|NSUBJ 2|5|AUX 3|5|ADVMOD 4|5|ADVMOD 5|11|ROOT 6|8|DET-PREDET 7|8|DET 8|5|OBJ 9|5|ADVMOD 10|5|PUNCT 11|5|DISCOURSE 12|5|PUNCT
NOP,*CHI,I'm keeping this one .
,%mor,pron|I-Prs-Nom-S1~aux|be-Fin-Ind-Pres-S1 verb|keep-Part-Pres-S det|this-Def-Dem noun|one .
,%gra,1|3|NSUBJ 2|3|AUX 3|5|ROOT 4|5|DET 5|3|OBJ 6|3|PUNCT
NOP,*KAR,what did you do when your mother woke you up this morning ?
,%mor,pron|what-Int-S1 aux|do-Fin-Ind-Past-S2 pron|you-Prs-Nom-S2 verb|do-Inf-S adv|when pron|your-Prs-Gen-S2 noun|mother verb|wake-Fin-Ind-Past-S3 pron|you-Prs-Acc-S2 adp|up det|this-Def-Dem noun|morning ?
,%gra,1|4|OBJ 2|4|AUX 3|4|NSUBJ 4|12|ROOT 5|8|ADVMOD 6|7|NMOD-POSS 7|8|NSUBJ 8|4|ADVCL 9|8|OBJ 10|8|COMPOUND-PRT 11|12|DET 12|8|OBL-TMOD 13|4|PUNCT
NOP,*CHI,I wake up .
,%mor,pron|I-Prs-Nom-S1 verb|wake-Fin-Ind-Pres-S1 adp|up .
,%gra,1|2|NSUBJ 2|3|ROOT 3|2|COMPOUND-PRT 4|2|PUNCT
,*KAR,after she woke you up .
,%mor,sconj|after pron|she-Prs-Nom-S3 verb|wake-Fin-Ind-Past-S3 pron|you-Prs-Acc-S2 adp|up .
,%gra,1|3|MARK 2|3|NSUBJ 3|5|ROOT 4|3|OBJ 5|3|COMPOUND-PRT 6|3|PUNCT
NOP,*CHI,no she didn't !
,%mor,intj|no pron|she-Prs-Nom-S3 verb|do-Fin-Ind-Past-S3~part|not !
,%gra,1|3|DISCOURSE 2|3|NSUBJ 3|4|ROOT 4|3|ADVMOD 5|3|PUNCT
NOP,*KAR,oh she didn't ?
,%mor,intj|oh pron|she-Prs-Nom-S3 verb|do-Fin-Ind-Past-S3~part|not ?
,%gra,1|3|DISCOURSE 2|3|NSUBJ 3|4|ROOT 4|3|ADVMOD 5|3|PUNCT
NOP,*KAR,what happened ?
,%mor,pron|what-Int-S1 verb|happen-Fin-Ind-Past-S3 ?
,%gra,1|2|NSUBJ 2|2|ROOT 3|2|PUNCT
NOP,*CHI,I waked her up and she got mad at me .
,%mor,pron|I-Prs-Nom-S1 verb|wake-Fin-Ind-Past-S1 pron|her-Prs-Acc-S3 adp|up cconj|and pron|she-Prs-Nom-S3 verb|get-Fin-Ind-Past-S3 adj|mad-Pos-S1 adp|at pron|I-Prs-Acc-S1 .
,%gra,1|2|NSUBJ 2|10|ROOT 3|2|OBJ 4|2|COMPOUND-PRT 5|7|CC 6|7|NSUBJ 7|2|CONJ 8|7|XCOMP 9|10|CASE 10|8|OBL 11|2|PUNCT
NOP,*KAR,why did she get mad ?
,%mor,adv|why aux|do-Fin-Ind-Past-S3 pron|she-Prs-Nom-S3 verb|get-Inf-S adj|mad-Pos-S1 ?
,%gra,1|4|ADVMOD 2|4|AUX 3|4|NSUBJ 4|5|ROOT 5|4|XCOMP 6|4|PUNCT
NOP,*CHI,because she did .
,%mor,sconj|because pron|she-Prs-Nom-S3 verb|do-Fin-Ind-Past-S3 .
,%gra,1|3|MARK 2|3|NSUBJ 3|3|ROOT 4|3|PUNCT
NOP,*KAR,"Barbie dolls , ay ?"
,%mor,noun|Barbie noun|doll-Plur cm|cm intj|ay ?
,%gra,1|2|COMPOUND 2|4|ROOT 3|2|PUNCT 4|2|DISCOURSE 5|2|PUNCT
,%act,<bef> Presented some small dolls and gave her a female doll
NOP,*KAR,who do you think that is ?
,%mor,pron|who-Int-S1 aux|do-Fin-Ind-Pres-S2 pron|you-Prs-Nom-S2 verb|think-Inf-S pron|that-Dem-S1 aux|be-Fin-Ind-Pres-S3 ?
,%gra,1|4|OBJ 2|4|AUX 3|4|NSUBJ 4|6|ROOT 5|1|NSUBJ 6|1|COP 7|4|PUNCT
NOP,*CHI,Barbie doll .
,%mor,noun|Barbie noun|doll .
,%gra,1|2|COMPOUND 2|2|ROOT 3|2|PUNCT
NOP,*KAR,and who's this ?
,%mor,cconj|and pron|who-Int-S1~aux|be-Fin-Ind-Pres-S3 pron|this-Dem-S1 ?
,%gra,1|4|CC 2|4|NSUBJ 3|4|COP 4|4|ROOT 5|4|PUNCT
,%exp,male doll
NOP,*CHI,he's a boy .
,%mor,pron|he-Prs-Nom-S3~aux|be-Fin-Ind-Pres-S3 det|a-Ind-Art noun|boy .
,%gra,1|4|NSUBJ 2|4|COP 3|4|DET 4|4|ROOT 5|4|PUNCT
,*CHI,look it (.) his buttons .
,%mor,verb|look-Fin-Imp-S pron|it-Prs-Acc-S3 pron|his-Prs-Gen-S3 noun|button-Plur .
,%gra,1|4|ROOT 2|1|OBJ 3|4|NMOD-POSS 4|1|XCOMP 5|1|PUNCT
,%exp,<1w> the doll's buttons were undone
,*CHI,put em up .
,%mor,verb|put-Fin-Imp-S pron|they-Prs-Acc-P3 adp|up .
,%gra,1|3|ROOT 2|1|OBJ 3|1|COMPOUND-PRT 4|1|PUNCT
,%exp,Referring to the buttons
NOP,*KAR,who do you think this is ?
,%mor,pron|who-Int-S1 aux|do-Fin-Ind-Pres-S2 pron|you-Prs-Nom-S2 verb|think-Inf-S pron|this-Dem-S1 aux|be-Fin-Ind-Pres-S3 ?
,%gra,1|4|OBJ 2|4|AUX 3|4|NSUBJ 4|6|ROOT 5|1|NSUBJ 6|1|COP 7|4|PUNCT
,%exp,Another younger female doll
NOP,*CHI,a little girl .
,%mor,det|a-Ind-Art adj|little-Pos-S1 noun|girl .
,%gra,1|3|DET 2|3|AMOD 3|3|ROOT 4|3|PUNCT
,%com,The doll had no shoes on
NOP,*CHI,"where's the shoes on the [//] this baby doll , ay ?"
,%mor,adv|where~aux|be-Fin-Ind-Pres-S3 det|the-Def-Art noun|shoe-Plur adp|on det|this-Def-Dem noun|baby noun|doll cm|cm intj|ay ?
,%gra,1|2|ADVMOD 2|10|ROOT 3|4|DET 4|2|NSUBJ 5|8|CASE 6|8|DET 7|8|COMPOUND 8|4|NMOD 9|2|PUNCT 10|2|DISCOURSE 11|2|PUNCT
,%xpho,<5w> d& <6w> dis
NOP,*KAR,there aren't any shoes for that one .
,%mor,pron|there-Int-S1 verb|be-Fin-Ind-Pres-P3~part|not det|any-Def noun|shoe-Plur adp|for det|that-Def-Dem noun|one .
,%gra,1|2|EXPL 2|8|ROOT 3|2|ADVMOD 4|5|DET 5|2|NSUBJ 6|8|CASE 7|8|DET 8|5|NMOD 9|2|PUNCT
NOP,*CHI,only this one ?
,%mor,adv|only det|this-Def-Dem noun|one ?
,%gra,1|3|ADVMOD 2|3|DET 3|3|ROOT 4|3|PUNCT
,%act,<aft> Shown a teenage doll
,%xpho,<2w> dis
,*KAR,who's this ?
,%mor,pron|who-Int-S1~aux|be-Fin-Ind-Pres-S3 pron|this-Dem-S1 ?
,%gra,1|3|NSUBJ 2|3|COP 3|3|ROOT 4|3|PUNCT
NOP,*CHI,Brooke Shields .
,%mor,noun|Brooke noun|Shield .
,%gra,1|2|ROOT 2|1|FLAT 3|1|PUNCT
NOP,*CHI,that's not Brooke Shields in [ain't] it ?
,%mor,pron|that-Dem-S1~aux|be-Fin-Ind-Pres-S3 part|not noun|Brooke noun|Shield aux|be-Fin-Ind-Pres-S3~part|not pron|it-Prs-Nom-S3 ?
,%gra,1|4|NSUBJ 2|4|COP 3|4|ADVMOD 4|8|ROOT 5|4|FLAT 6|8|COP 7|8|ADVMOD 8|4|ACL-RELCL 9|4|PUNCT
NOP,*CHI,dat's [that's] da [the] daddy right ?
,%mor,pron|that-Dem-S1~aux|be-Fin-Ind-Pres-S3 det|the-Def-Art noun|daddy adj|right-Pos-S1 ?
,%gra,1|4|NSUBJ 2|4|COP 3|4|DET 4|5|ROOT 5|4|AMOD 6|4|PUNCT
NOP,*KAR,right .
,%mor,adv|right .
,%gra,1|1|ROOT 2|1|PUNCT
NOP,*CHI,dat's [that's] da [the] mother .
,%mor,pron|that-Dem-S1~aux|be-Fin-Ind-Pres-S3 det|the-Def-Art noun|mother .
,%gra,1|4|NSUBJ 2|4|COP 3|4|DET 4|4|ROOT 5|4|PUNCT
NOP,*CHI,they gotta go home now .
,%mor,pron|they-Prs-Nom-P3 aux|gotta-Fin-S verb|go-Inf-S adv|home adv|now .
,%gra,1|3|NSUBJ 2|3|AUX 3|5|ROOT 4|3|ADVMOD 5|3|ADVMOD 6|3|PUNCT
,%xpho,<1w> dej
NOP,*CHI,I can't get this .
,%mor,pron|I-Prs-Nom-S1 aux|can-Fin-S~part|not verb|get-Inf-S pron|this-Dem-S1 .
,%gra,1|4|NSUBJ 2|4|AUX 3|4|ADVMOD 4|5|ROOT 5|4|OBJ 6|4|PUNCT
,%act,<aft> Playing dolls
,%exp,Can't do up the buttons on the dolls coat
,%xpho,<4w> dis
NOP,*KAR,who are you going to be ?
,%mor,pron|who-Int-S1 aux|be-Fin-Ind-Pres-S2 pron|you-Prs-Nom-S2 verb|go-Part-Pres-S part|to aux|be-Inf-S ?
,%gra,1|4|OBL 2|4|AUX 3|4|NSUBJ 4|6|ROOT 5|1|MARK 6|1|COP 7|4|PUNCT
NOP,*CHI,an angel .
,%mor,det|a-Ind-Art noun|angel .
,%gra,1|2|DET 2|2|ROOT 3|2|PUNCT
,%com,She was given all the dolls
NOP,*CHI,want this one ?
,%mor,verb|want-Fin-Imp-S det|this-Def-Dem noun|one ?
,%gra,1|3|ROOT 2|3|DET 3|1|OBJ 4|1|PUNCT
,%act,Offered a doll to Karen
,%xpho,<2w> dis
NOP,*CHI,that's his mother .
,%mor,pron|that-Dem-S1~aux|be-Fin-Ind-Pres-S3 pron|his-Prs-Gen-S3 noun|mother .
,%gra,1|4|NSUBJ 2|4|COP 3|4|NMOD-POSS 4|4|ROOT 5|4|PUNCT
,%exp,Grandmother type doll
NOP,*CHI,that's her mother ?
,%mor,pron|that-Dem-S1~aux|be-Fin-Ind-Pres-S3 pron|her-Prs-Gen-S3 noun|mother ?
,%gra,1|4|NSUBJ 2|4|COP 3|4|NMOD-POSS 4|4|ROOT 5|4|PUNCT
NOP,*CHI,<this is the> [//] <this is> [/] this is gonna be the house right ?
,%mor,pron|this-Dem-S1 aux|be-Fin-Ind-Pres-S3 part|gonna aux|be-Inf-S det|the-Def-Art noun|house adv|right ?
,%gra,1|6|NSUBJ 2|6|AUX 3|6|ADVMOD 4|6|COP 5|6|DET 6|7|ROOT 7|6|ADVMOD 8|6|PUNCT
,%xpho,<2w> dis <3w> d& <4w> dis <6w> dis <10w> d&
NOP,*CHI,that's the Mimi .
,%mor,pron|that-Dem-S1~aux|be-Fin-Ind-Pres-S3 det|the-Def-Art noun|Mimi .
,%gra,1|4|NSUBJ 2|4|COP 3|4|DET 4|4|ROOT 5|4|PUNCT
,%exp,older doll
,%xpho,<1w> d&t's
NOP,*KAR,"+"" Susie where are you going to play ?"
,%mor,noun|Susie adv|where aux|be-Fin-Ind-Pres-S2 pron|you-Prs-Nom-S2 verb|go-Part-Pres-S part|to verb|play-Inf-S ?
,%gra,1|5|VOCATIVE 2|5|ADVMOD 3|5|AUX 4|5|NSUBJ 5|7|ROOT 6|7|MARK 7|5|XCOMP 8|5|PUNCT
,%exp,The doll speaking to Melissa's doll
NOP,*CHI,"+"" she's going outside &-uh play ."
,%mor,pron|she-Prs-Nom-S3~aux|be-Fin-Ind-Pres-S3 verb|go-Part-Pres-S adp|outside noun|play .
,%gra,1|3|NSUBJ 2|3|AUX 3|5|ROOT 4|5|CASE 5|3|OBL 6|3|PUNCT
,%exp,Doll speaking
NOP,*KAR,"+"" where are you going to make the hamburger dear ?"
,%mor,adv|where aux|be-Fin-Ind-Pres-S2 pron|you-Prs-Nom-S2 verb|go-Part-Pres-S part|to verb|make-Inf-S det|the-Def-Art noun|hamburger adj|dear-Pos-S1 ?
,%gra,1|4|ADVMOD 2|4|AUX 3|4|NSUBJ 4|9|ROOT 5|6|MARK 6|4|XCOMP 7|8|DET 8|6|OBJ 9|6|XCOMP 10|4|PUNCT
NOP,*CHI,"+"" we're gonna make the hamburg(er) (.) ."
,%mor,pron|we-Prs-Nom-P1~aux|be-Fin-Ind-Pres-P1 adv|gonna verb|make-Inf-S det|the-Def-Art noun|hamburger .
,%gra,1|4|NSUBJ 2|4|AUX 3|4|ADVMOD 4|6|ROOT 5|6|DET 6|4|OBJ 7|4|PUNCT
,%xpho,<4w> d&
NOP,*CHI,"+"" ker@c ker@c ker@c ker@c ."
,%mor,intj|ker intj|ker intj|ker noun|ker .
,%gra,1|4|DISCOURSE 2|4|REPARANDUM 3|4|REPARANDUM 4|4|ROOT 5|4|PUNCT
,%act,<1w> pounding doll's hands down
NOP,*CHI,there is some hamburg(er) .
,%mor,pron|there-Int-S1 verb|be-Fin-Ind-Pres-S3 det|some-Def noun|hamburger .
,%gra,1|2|EXPL 2|4|ROOT 3|4|DET 4|2|NSUBJ 5|2|PUNCT
,%xpho,<1w> der
NOP,*CHI,going to work she's going to work .
,%mor,verb|go-Ger-S adp|to noun|work pron|she-Prs-Nom-S3~aux|be-Fin-Ind-Pres-S3 verb|go-Part-Pres-S part|to verb|work-Inf-S .
,%gra,1|6|ADVCL 2|3|CASE 3|1|OBL 4|6|NSUBJ 5|6|AUX 6|8|ROOT 7|8|MARK 8|6|XCOMP 9|6|PUNCT
NOP,*CHI,she's mad at her .
,%mor,pron|she-Prs-Nom-S3~aux|be-Fin-Ind-Pres-S3 adj|mad-Pos-S1 adp|at pron|her-Prs-Acc-S3 .
,%gra,1|3|NSUBJ 2|3|COP 3|5|ROOT 4|5|CASE 5|3|OBL 6|3|PUNCT
,%act,Pretended that the daughter had spoiled the mother's dinner
NOP,*KAR,is she ?
,%mor,aux|be-Fin-Ind-Pres-S3 pron|she-Prs-Nom-S3 ?
,%gra,1|2|COP 2|2|ROOT 3|2|PUNCT
NOP,*KAR,what's she going to do ?
,%mor,pron|what-Int-S1~aux|be-Fin-Ind-Pres-S3 pron|she-Prs-Nom-S3 verb|go-Part-Pres-S part|to verb|do-Inf-S ?
,%gra,1|6|OBJ 2|4|AUX 3|4|NSUBJ 4|6|ROOT 5|6|MARK 6|4|XCOMP 7|4|PUNCT
NOP,*CHI,I make some lunch for her (o)kay ?
,%mor,pron|I-Prs-Nom-S1 verb|make-Fin-Ind-Pres-S1 det|some-Def noun|lunch adp|for pron|her-Prs-Acc-S3 adj|okay-Pos-S1 ?
,%gra,1|2|NSUBJ 2|7|ROOT 3|4|DET 4|2|OBJ 5|6|CASE 6|2|OBL 7|2|ADVCL 8|2|PUNCT
NOP,*CHI,you hold that doll and you hold that doll .
,%mor,pron|you-Prs-Nom-S2 verb|hold-Fin-Ind-Pres-S2 det|that-Def-Dem noun|doll cconj|and pron|you-Prs-Nom-S2 verb|hold-Fin-Ind-Pres-S2 det|that-Def-Dem noun|doll .
,%gra,1|2|NSUBJ 2|9|ROOT 3|4|DET 4|2|OBJ 5|7|CC 6|7|NSUBJ 7|2|CONJ 8|9|DET 9|7|OBJ 10|2|PUNCT
,%act,<1w> Gave me the dolls
NOP,*CHI,she live here right ?
,%mor,pron|she-Prs-Nom-S3 verb|live-Fin-Ind-Pres-S3 adv|here adv|right ?
,%gra,1|2|NSUBJ 2|4|ROOT 3|2|ADVMOD 4|2|ADVMOD 5|2|PUNCT
NOP,*CHI,she going to work now .
,%mor,pron|she-Prs-Nom-S3 verb|go-Ger-S adp|to noun|work adv|now .
,%gra,1|2|NSUBJ 2|5|ROOT 3|4|CASE 4|2|OBL 5|2|ADVMOD 6|2|PUNCT
,%gpx,<1w> Indicating a doll
NOP,*CHI,how (a)bout this be the &-um the [//] that's not the dolly's house .
,%mor,adv|how adp|about pron|this-Dem-S1 aux|be-Inf-S det|the-Def-Art pron|that-Dem-S1~aux|be-Fin-Ind-Pres-S3 part|not det|the-Def-Art noun|dolly~part|s noun|house .
,%gra,1|12|ROOT 2|4|MARK 3|4|NSUBJ 4|1|COP 5|12|DET 6|12|NSUBJ 7|12|COP 8|12|ADVMOD 9|10|DET 10|12|NMOD-POSS 11|10|CASE 12|1|PARATAXIS 13|1|PUNCT
,%xpho,<3w> dis <5w> d& <7w> d& <8w> d&t's <10w> d&
NOP,*CHI,hello there .
,%mor,intj|hello adv|there .
,%gra,1|2|ROOT 2|1|ADVMOD 3|1|PUNCT
,%act,<1w> Talking to a doll
,%xpho,<2w> dere
NOP,*KAR,"+"" get me some lunch please ."
,%mor,verb|get-Fin-Imp-S pron|I-Prs-Acc-S1 det|some-Def noun|lunch intj|please .
,%gra,1|5|ROOT 2|1|IOBJ 3|4|DET 4|1|OBJ 5|1|DISCOURSE 6|1|PUNCT
,%exp,Doll speaking
NOP,*CHI,I'll get her some .
,%mor,pron|I-Prs-Nom-S1~aux|will-Fin-S verb|get-Inf-S pron|her-Prs-Acc-S3 det|some-Def .
,%gra,1|3|NSUBJ 2|3|AUX 3|5|ROOT 4|3|OBJ 5|3|OBJ 6|3|PUNCT
NOP,*KAR,what does she want ?
,%mor,pron|what-Int-S1 aux|do-Fin-Ind-Pres-S3 pron|she-Prs-Nom-S3 verb|want-Inf-S ?
,%gra,1|4|OBJ 2|4|AUX 3|4|NSUBJ 4|4|ROOT 5|4|PUNCT
NOP,*CHI,she hafta eat lunch too .
,%mor,pron|she-Prs-Nom-S3 aux|hafta-Fin-S verb|eat-Inf-S noun|lunch adv|too .
,%gra,1|3|NSUBJ 2|3|AUX 3|5|ROOT 4|3|OBJ 5|3|ADVMOD 6|3|PUNCT
NOP,*CHI,mother is gonna cook .
,%mor,noun|mother aux|be-Fin-Ind-Pres-S3 adv|gonna verb|cook-Inf-S .
,%gra,1|4|NSUBJ 2|4|AUX 3|4|ADVMOD 4|4|ROOT 5|4|PUNCT
NOP,*CHI,you wait in kitchen .
,%mor,pron|you-Prs-Nom-S2 verb|wait-Fin-Ind-Pres-S2 adp|in noun|kitchen .
,%gra,1|2|NSUBJ 2|4|ROOT 3|4|CASE 4|2|OBL 5|2|PUNCT
NOP,*CHI,how come he's got the hat on ?
,%mor,adv|how verb|come-Fin-Ind-Pres-S3 pron|he-Prs-Nom-S3~aux|be-Fin-Ind-Pres-S3 verb|get-Part-Past-S det|the-Def-Art noun|hat adv|on ?
,%gra,1|2|ADVMOD 2|5|ADVCL 3|5|NSUBJ 4|5|AUX 5|8|ROOT 6|7|DET 7|5|OBJ 8|5|ADVMOD 9|5|PUNCT
,%exp,<1w> Male doll had a chef's hat on
NOP,*CHI,you do that up (.) his pants ?
,%mor,pron|you-Prs-Nom-S2 verb|do-Fin-Ind-Pres-S2 pron|that-Dem-S1 adp|up pron|his-Prs-Gen-S3 noun|pant-Plur ?
,%gra,1|2|NSUBJ 2|6|ROOT 3|2|OBJ 4|6|CASE 5|6|NMOD-POSS 6|2|OBL 7|2|PUNCT
,%xpho,<3w> d&t
NOP,*CHI,I can't do it .
,%mor,pron|I-Prs-Nom-S1 aux|can-Fin-S~part|not verb|do-Inf-S pron|it-Prs-Acc-S3 .
,%gra,1|4|NSUBJ 2|4|AUX 3|4|ADVMOD 4|5|ROOT 5|4|OBJ 6|4|PUNCT
NOP,*CHI,can you take his hat off ?
,%mor,aux|can-Fin-S pron|you-Prs-Nom-S2 verb|take-Inf-S pron|his-Prs-Gen-S3 noun|hat adp|off ?
,%gra,1|3|AUX 2|3|NSUBJ 3|6|ROOT 4|5|NMOD-POSS 5|3|OBJ 6|3|COMPOUND-PRT 7|3|PUNCT
NOP,*KAR,why do you think he had the hat on ?
,%mor,adv|why aux|do-Fin-Ind-Pres-S2 pron|you-Prs-Nom-S2 verb|think-Inf-S pron|he-Prs-Nom-S3 verb|have-Fin-Ind-Past-S3 det|the-Def-Art noun|hat adp|on ?
,%gra,1|4|ADVMOD 2|4|AUX 3|4|NSUBJ 4|9|ROOT 5|6|NSUBJ 6|4|CCOMP 7|8|DET 8|6|OBJ 9|6|OBL 10|4|PUNCT
NOP,*CHI,cause he was cookin(g) somethin(g) .
,%mor,sconj|cause pron|he-Prs-Nom-S3 aux|be-Fin-Ind-Past-S3 verb|cook-Part-Pres-S pron|something-Ind-S1 .
,%gra,1|4|MARK 2|4|NSUBJ 3|4|AUX 4|5|ROOT 5|4|OBJ 6|4|PUNCT
NOP,*CHI,do his buttons up .
,%mor,verb|do-Fin-Imp-S pron|his-Prs-Gen-S3 noun|button-Plur adv|up .
,%gra,1|4|ROOT 2|3|NMOD-POSS 3|1|OBJ 4|1|ADVMOD 5|1|PUNCT
NOP,*KAR,does the grandmother work ?
,%mor,aux|do-Fin-Ind-Pres-S3 det|the-Def-Art noun|grandmother verb|work-Inf-S ?
,%gra,1|4|AUX 2|3|DET 3|4|NSUBJ 4|4|ROOT 5|4|PUNCT
NOP,*CHI,no not no more .
,%mor,intj|no part|not adv|no adj|more-Cmp-S1 .
,%gra,1|4|DISCOURSE 2|4|ADVMOD 3|4|ADVMOD 4|4|ROOT 5|4|PUNCT
NOP,*CHI,you gotta go to sleep now .
,%mor,pron|you-Prs-Nom-S2 aux|gotta-Fin-S verb|go-Inf-S part|to verb|sleep-Inf-S adv|now .
,%gra,1|3|NSUBJ 2|3|AUX 3|6|ROOT 4|5|MARK 5|3|ADVCL 6|5|ADVMOD 7|3|PUNCT
,%add,doll
NOP,*CHI,goodbye .
,%mor,noun|goodbye .
,%gra,1|1|ROOT 2|1|PUNCT
,%add,doll
NOP,*CHI,oh <look it> [//] look at her cheek .
,%mor,intj|oh verb|look-Fin-Imp-S adp|at pron|her-Prs-Gen-S3 noun|cheek .
,%gra,1|2|DISCOURSE 2|5|ROOT 3|5|CASE 4|5|NMOD-POSS 5|2|OBL 6|2|PUNCT
,%exp,<1w> Doll's cheek
NOP,*KAR,what's wrong with it ?
,%mor,pron|what-Int-S1~aux|be-Fin-Ind-Pres-S3 adj|wrong-Pos-S1 adp|with pron|it-Prs-Acc-S3 ?
,%gra,1|3|NSUBJ 2|3|COP 3|5|ROOT 4|5|CASE 5|3|OBL 6|3|PUNCT
NOP,*CHI,it's got makeup on it .
,%mor,pron|it-Prs-Nom-S3~aux|be-Fin-Ind-Pres-S3 verb|get-Part-Past-S noun|makeup adp|on pron|it-Prs-Acc-S3 .
,%gra,1|3|NSUBJ-PASS 2|3|AUX-PASS 3|6|ROOT 4|3|OBJ 5|6|CASE 6|3|OBL 7|3|PUNCT
,%xpho,<3w> m&ke-u
NOP,*CHI,she's gotta go to sleep in own bed right ?
,%mor,pron|she-Prs-Nom-S3~aux|be-Fin-Ind-Pres-S3 adv|gotta verb|go-Inf-S part|to verb|sleep-Inf-S adp|in adj|own-Pos-S1 noun|bed adv|right ?
,%gra,1|4|NSUBJ 2|4|AUX 3|4|ADVMOD 4|10|ROOT 5|6|MARK 6|4|XCOMP 7|9|CASE 8|9|AMOD 9|6|OBL 10|6|ADVMOD 11|4|PUNCT
NOP,*CHI,look at him [//] his [//] on face .
,%mor,verb|look-Fin-Imp-S adp|at adp|on noun|face .
,%gra,1|4|ROOT 2|1|OBL 3|4|CASE 4|1|OBL 5|1|PUNCT
,%gpx,<1w> Indicated a female doll
,%xpho,<6w> de
NOP,*KAR,what_about the face ?
,%mor,intj|whatabout det|the-Def-Art noun|face ?
,%gra,1|3|DISCOURSE 2|3|DET 3|3|ROOT 4|3|PUNCT
NOP,*CHI,makeup .
,%mor,noun|makeup .
,%gra,1|1|ROOT 2|1|PUNCT
NOP,*KAR,how did that get there ?
,%mor,adv|how aux|do-Fin-Ind-Past-S3 pron|that-Dem-S1 verb|get-Inf-S adv|there ?
,%gra,1|4|ADVMOD 2|4|AUX 3|4|NSUBJ 4|5|ROOT 5|4|ADVMOD 6|4|PUNCT
NOP,*CHI,cause she can't sleep .
,%mor,sconj|cause pron|she-Prs-Nom-S3 aux|can-Fin-S~part|not verb|sleep-Inf-S .
,%gra,1|5|MARK 2|5|NSUBJ 3|5|AUX 4|5|ADVMOD 5|5|ROOT 6|5|PUNCT
NOP,*CHI,(o)kay daddy's gotta go to work .
,%mor,intj|okay noun|daddy~part|s aux|gotta-Fin-S verb|go-Inf-S adp|to noun|work .
,%gra,1|5|DISCOURSE 2|5|NSUBJ 3|2|CASE 4|5|AUX 5|7|ROOT 6|7|CASE 7|5|OBL 8|5|PUNCT
NOP,*CHI,that's not her honey right ?
,%mor,pron|that-Dem-S1~aux|be-Fin-Ind-Pres-S3 part|not pron|her-Prs-Gen-S3 noun|honey adv|right ?
,%gra,1|5|NSUBJ 2|5|COP 3|5|ADVMOD 4|5|NMOD-POSS 5|6|ROOT 6|5|ADVMOD 7|5|PUNCT
,%gpx,<1w> indicating male and female dolls
NOP,*KAR,I don't know .
,%mor,pron|I-Prs-Nom-S1 aux|do-Fin-Ind-Pres-S1~part|not verb|know-Inf-S .
,%gra,1|4|NSUBJ 2|4|AUX 3|4|ADVMOD 4|4|ROOT 5|4|PUNCT
NOP,*KAR,who is it ?
,%mor,pron|who-Int-S1 aux|be-Fin-Ind-Pres-S3 pron|it-Prs-Nom-S3 ?
,%gra,1|3|NSUBJ 2|3|COP 3|3|ROOT 4|3|PUNCT
NOP,*CHI,that's his brother .
,%mor,pron|that-Dem-S1~aux|be-Fin-Ind-Pres-S3 pron|his-Prs-Gen-S3 noun|brother .
,%gra,1|4|NSUBJ 2|4|COP 3|4|NMOD-POSS 4|4|ROOT 5|4|PUNCT
NOP,*CHI,I like to come over .
,%mor,pron|I-Prs-Nom-S1 verb|like-Fin-Ind-Pres-S1 part|to verb|come-Inf-S adv|over .
,%gra,1|2|NSUBJ 2|5|ROOT 3|4|MARK 4|2|XCOMP 5|4|ADVMOD 6|2|PUNCT
,%exp,<1w> dolls
NOP,*KAR,is everyone still sleeping Melissa ?
,%mor,aux|be-Fin-Ind-Pres-S3 pron|everyone-Tot-S1 adv|still verb|sleep-Ger-S noun|Melissa ?
,%gra,1|4|AUX 2|4|NSUBJ 3|4|ADVMOD 4|5|ROOT 5|4|OBJ 6|4|PUNCT
NOP,*CHI,yes because they're s(u)pposed (t)o be .
,%mor,intj|yes sconj|because pron|they-Prs-Nom-P3~aux|be-Fin-Ind-Pres-P3 verb|suppose-Part-Past-S part|to aux|be-Inf-S .
,%gra,1|5|DISCOURSE 2|5|MARK 3|5|NSUBJ 4|5|AUX 5|7|ROOT 6|7|MARK 7|5|XCOMP 8|5|PUNCT
,%gpx,indicating doll
NOP,*KAR,where does she live ?
,%mor,adv|where aux|do-Fin-Ind-Pres-S3 pron|she-Prs-Nom-S3 verb|live-Inf-S ?
,%gra,1|4|ADVMOD 2|4|AUX 3|4|NSUBJ 4|4|ROOT 5|4|PUNCT
NOP,*CHI,over there .
,%mor,adv|over adv|there .
,%gra,1|2|ADVMOD 2|2|ROOT 3|2|PUNCT
,%gpx,pointed .
NOP,*CHI,come in .
,%mor,verb|come-Fin-Imp-S adv|in .
,%gra,1|2|ROOT 2|1|ADVMOD 3|1|PUNCT
,%exp,Doll knocking at door
NOP,*KAR,is anybody home ?
,%mor,aux|be-Fin-Ind-Pres-S3 pron|anybody-Ind-S1 adv|home ?
,%gra,1|2|COP 2|3|ROOT 3|2|ADVMOD 4|2|PUNCT
,%exp,Doll speaking
NOP,*CHI,nope gone shopping .
,%mor,intj|nope adj|gone-Pos-S1 noun|shopping .
,%gra,1|2|DISCOURSE 2|3|ROOT 3|2|OBJ 4|2|PUNCT
POL,*CHI,could I see the Christmas trees ?
,%mor,aux|could-Fin-S pron|I-Prs-Nom-S1 verb|see-Inf-S det|the-Def-Art noun|Christmas noun|tree-Plur ?
,%gra,1|3|AUX 2|3|NSUBJ 3|6|ROOT 4|6|DET 5|6|COMPOUND 6|3|OBJ 7|3|PUNCT
NOP,*KAR,who's in the house Melissa ?
,%mor,pron|who-Rel-S1~aux|be-Fin-Ind-Pres-S3 adp|in det|the-Def-Art noun|house noun|Melissa ?
,%gra,1|5|NSUBJ 2|5|COP 3|5|CASE 4|5|DET 5|6|ROOT 6|5|VOCATIVE 7|5|PUNCT
,%exp,Dolls
NOP,*CHI,all those kids .
,%mor,det|all-Def det|that-Def-Dem noun|kid-Plur .
,%gra,1|3|DET-PREDET 2|3|DET 3|3|ROOT 4|3|PUNCT
NOP,*KAR,who's outside the house ?
,%mor,pron|who-Rel-S1~aux|be-Fin-Ind-Pres-S3 adp|outside det|the-Def-Art noun|house ?
,%gra,1|5|NSUBJ 2|5|COP 3|5|CASE 4|5|DET 5|5|ROOT 6|5|PUNCT
NOP,*CHI,the door hafta be locked cause they gotta go to sleep .
,%mor,det|the-Def-Art noun|door aux|hafta-Fin-S aux|be-Inf-S verb|lock-Part-Past-S sconj|cause pron|they-Prs-Nom-P3 aux|gotta-Fin-S verb|go-Inf-S adp|to noun|sleep .
,%gra,1|2|DET 2|5|NSUBJ-PASS 3|5|AUX 4|5|AUX-PASS 5|11|ROOT 6|9|MARK 7|9|NSUBJ 8|9|AUX 9|5|ADVCL 10|11|CASE 11|9|OBL 12|5|PUNCT
,%xpho,<9w> dej
NOP,*CHI,pretend that's Mrs .
,%mor,verb|pretend-Fin-Imp-S pron|that-Dem-S1~aux|be-Fin-Ind-Pres-S3 noun|Mrs .
,%gra,1|4|ROOT 2|4|NSUBJ 3|4|COP 4|1|CCOMP 5|1|PUNCT
,%xpho,<1w> tend <2w> d&t's
NOP,*CHI,Oce (o)kay ?
,%mor,noun|Oce intj|okay ?
,%gra,1|2|ROOT 2|1|DISCOURSE 3|1|PUNCT
NOP,*CHI,(o)kay Mrs .
,%mor,intj|okay noun|Mrs .
,%gra,1|2|DISCOURSE 2|2|ROOT 3|2|PUNCT
NOP,*CHI,Oce's gone babysittin(g) .
,%mor,noun|Oce~aux|be-Fin-Ind-Pres-S3 verb|go-Part-Past-S noun|babysitting .
,%gra,1|3|NSUBJ 2|3|AUX 3|4|ROOT 4|3|OBJ 5|3|PUNCT
NOP,*KAR,what are those people going to do ?
,%mor,pron|what-Int-S1 aux|be-Fin-Ind-Pres-P3 det|that-Def-Dem noun|person-Plur verb|go-Ger-S part|to verb|do-Inf-S ?
,%gra,1|4|NSUBJ 2|4|COP 3|4|DET 4|7|ROOT 5|4|ACL 6|7|MARK 7|5|XCOMP 8|4|PUNCT
NOP,*CHI,she's done school .
,%mor,pron|she-Prs-Nom-S3~aux|be-Fin-Ind-Pres-S3 verb|do-Part-Past-S noun|school .
,%gra,1|3|NSUBJ 2|3|AUX 3|4|ROOT 4|3|OBJ 5|3|PUNCT
,%exp,dolls
NOP,*CHI,she's done school .
,%mor,pron|she-Prs-Nom-S3~aux|be-Fin-Ind-Pres-S3 verb|do-Part-Past-S noun|school .
,%gra,1|3|NSUBJ 2|3|AUX 3|4|ROOT 4|3|OBJ 5|3|PUNCT
,*CHI,go get the baby .
,%mor,verb|go-Fin-Imp-S verb|get-Fin-Imp-S det|the-Def-Art noun|baby .
,%gra,1|4|ROOT 2|1|PARATAXIS 3|4|DET 4|2|OBJ 5|1|PUNCT
NOP,*CHI,I gotta go the bathroom (o)kay ?
,%mor,pron|I-Prs-Nom-S1 aux|gotta-Fin-S verb|go-Inf-S det|the-Def-Art noun|bathroom intj|okay ?
,%gra,1|3|NSUBJ 2|3|AUX 3|6|ROOT 4|5|DET 5|3|OBJ 6|3|DISCOURSE 7|3|PUNCT
,%act,Went to the washroom
,%xpho,<4w> d&
NOP,*CHI,nah (.) not gonna be the [//] this is not gonna be your husband (o)kay ?
,%mor,intj|nah part|not part|gonna aux|be-Inf-S pron|this-Dem-S1 aux|be-Fin-Ind-Pres-S3 part|not part|gonna aux|be-Inf-S pron|your-Prs-Gen-S2 noun|husband adj|okay-Pos-S1 ?
,%gra,1|4|DISCOURSE 2|4|ADVMOD 3|4|ADVMOD 4|12|ROOT 5|12|NSUBJ 6|12|AUX 7|12|ADVMOD 8|12|ADVMOD 9|12|COP 10|11|NMOD-POSS 11|12|COMPOUND 12|4|PARATAXIS 13|4|PUNCT
,%xpho,<5w> d& <6w> dis
NOP,*CHI,water in his mouth .
,%mor,noun|water adp|in pron|his-Prs-Gen-S3 noun|mouth .
,%gra,1|4|ROOT 2|4|CASE 3|4|NMOD-POSS 4|1|NMOD 5|1|PUNCT
,%exp,<1w> Picture of boy drinking from tap
NOP,*KAR,what are these people doing ?
,%mor,pron|what-Int-S1 aux|be-Fin-Ind-Pres-P3 det|this-Def-Dem noun|person-Plur verb|do-Ger-S ?
,%gra,1|4|NSUBJ 2|4|COP 3|4|DET 4|5|ROOT 5|4|ACL 6|4|PUNCT
,%exp,Picture of a couple moving
NOP,*CHI,going .
,%mor,verb|go-Ger-S .
,%gra,1|1|ROOT 2|1|PUNCT
NOP,*KAR,what's on the woman's shoulder ?
,%mor,pron|what-Int-S1~aux|be-Fin-Ind-Pres-S3 adp|on det|the-Def-Art noun|woman~part|s noun|shoulder ?
,%gra,1|2|NSUBJ 2|7|ROOT 3|7|CASE 4|5|DET 5|7|NMOD-POSS 6|5|CASE 7|2|OBL 8|2|PUNCT
NOP,*CHI,a purse .
,%mor,det|a-Ind-Art noun|purse .
,%gra,1|2|DET 2|2|ROOT 3|2|PUNCT
,%act,<aft> Began to play dolls again
NOP,*CHI,that's the other doll's house .
,%mor,pron|that-Dem-S1~aux|be-Fin-Ind-Pres-S3 det|the-Def-Art adj|other-Pos-S1 noun|doll~part|s noun|house .
,%gra,1|7|NSUBJ 2|7|COP 3|5|DET 4|5|AMOD 5|7|NMOD-POSS 6|5|CASE 7|7|ROOT 8|7|PUNCT
NOP,*CHI,"+"" hello baby ."
,%mor,intj|hello noun|baby .
,%gra,1|2|ROOT 2|1|OBJ 3|1|PUNCT
,%com,<1w> accompanied by kissing noises
,%exp,<1w> Male doll speaking to baby doll
NOP,*CHI,daddy comin(g) to pick you up .
,%mor,noun|daddy verb|come-Ger-S part|to verb|pick-Inf-S pron|you-Prs-Acc-S2 adp|up .
,%gra,1|6|ROOT 2|1|ACL 3|4|MARK 4|2|ADVCL 5|4|OBJ 6|4|COMPOUND-PRT 7|1|PUNCT
NOP,*CHI,hold daddy's hand .
,%mor,verb|hold-Fin-Imp-S noun|daddy~part|s noun|hand .
,%gra,1|4|ROOT 2|4|NMOD-POSS 3|2|CASE 4|1|OBJ 5|1|PUNCT
NOP,*CHI,going to daddy's .
,%mor,verb|go-Ger-S adp|to noun|daddy~part|s .
,%gra,1|4|ROOT 2|3|CASE 3|1|OBL 4|3|CASE 5|1|PUNCT
NOP,*CHI,she wants to bring her doll .
,%mor,pron|she-Prs-Nom-S3 verb|want-Fin-Ind-Pres-S3 part|to verb|bring-Inf-S pron|her-Prs-Gen-S3 noun|doll .
,%gra,1|2|NSUBJ 2|6|ROOT 3|4|MARK 4|2|XCOMP 5|6|NMOD-POSS 6|4|OBJ 7|2|PUNCT
NOP,*CHI,she's got a doll .
,%mor,pron|she-Prs-Nom-S3~aux|be-Fin-Ind-Pres-S3 verb|get-Part-Past-S det|a-Ind-Art noun|doll .
,%gra,1|3|NSUBJ 2|3|AUX 3|5|ROOT 4|5|DET 5|3|OBJ 6|3|PUNCT
NOP,*CHI,she got doll at her grandma's .
,%mor,pron|she-Prs-Nom-S3 verb|get-Fin-Ind-Past-S3 noun|doll adp|at pron|her-Prs-Gen-S3 noun|grandma~part|s .
,%gra,1|2|NSUBJ 2|7|ROOT 3|2|OBJ 4|6|CASE 5|6|NMOD-POSS 6|2|OBL 7|6|CASE 8|2|PUNCT
,%xpho,<2w> forgot
NOP,*KAR,what are we going to do now ?
,%mor,pron|what-Int-S1 aux|be-Fin-Ind-Pres-P1 pron|we-Prs-Nom-P1 verb|go-Part-Pres-S part|to verb|do-Inf-S adv|now ?
,%gra,1|6|OBJ 2|4|AUX 3|4|NSUBJ 4|7|ROOT 5|6|MARK 6|4|XCOMP 7|6|ADVMOD 8|4|PUNCT
NOP,*CHI,her daddy hafta bring it tomorrow .
,%mor,pron|her-Prs-Gen-S3 noun|daddy noun|hafta verb|bring-Inf-S pron|it-Prs-Acc-S3 noun|tomorrow .
,%gra,1|3|NMOD-POSS 2|3|COMPOUND 3|4|NSUBJ 4|6|ROOT 5|4|OBJ 6|4|OBL-TMOD 7|4|PUNCT
,%com,Interrupted when Karen's brother came in
NOP,*CHI,what's she gonna do ?
,%mor,pron|what-Int-S1~aux|be-Fin-Ind-Pres-S3 pron|she-Prs-Nom-S3 part|gonna verb|do-Inf-S ?
,%gra,1|5|OBJ 2|5|AUX 3|5|NSUBJ 4|5|ADVMOD 5|5|ROOT 6|5|PUNCT
NOP,*CHI,you know what ?
,%mor,pron|you-Prs-Nom-S2 verb|know-Fin-Ind-Pres-S2 pron|what-Int-S1 ?
,%gra,1|2|NSUBJ 2|3|ROOT 3|2|OBJ 4|2|PUNCT
NOP,*CHI,Randy's home !
,%mor,noun|Randy~part|s noun|home !
,%gra,1|3|NMOD-POSS 2|1|CASE 3|3|ROOT 4|3|PUNCT
NOP,*RAN,wanna play the game ?
,%mor,intj|wanna verb|play-Fin-Imp-S det|the-Def-Art noun|game ?
,%gra,1|2|DISCOURSE 2|4|ROOT 3|4|DET 4|2|OBJ 5|2|PUNCT
NOP,*CHI,you gotta play with this one (o)kay .
,%mor,pron|you-Prs-Nom-S2 aux|gotta-Fin-S verb|play-Inf-S adp|with det|this-Def-Dem noun|one adj|okay-Pos-S1 .
,%gra,1|3|NSUBJ 2|3|AUX 3|7|ROOT 4|7|MARK 5|6|DET 6|7|NSUBJ 7|3|ADVCL 8|3|PUNCT
,%act,<aft> Gave him a peg from the game
NOP,*CHI,you win (.) you win .
,%mor,pron|you-Prs-Nom-S2 verb|win-Fin-Ind-Pres-S2 pron|you-Prs-Acc-S2 verb|win-Fin-Ind-Pres-S2 .
,%gra,1|2|NSUBJ 2|4|ROOT 3|2|OBJ 4|2|PARATAXIS 5|2|PUNCT
NOP,*CHI,wanna put these dolls away ?
,%mor,intj|wanna verb|put-Fin-Imp-S det|this-Def-Dem noun|doll-Plur adv|away ?
,%gra,1|2|DISCOURSE 2|5|ROOT 3|4|DET 4|2|OBJ 5|2|ADVMOD 6|2|PUNCT
NOP,*CHI,you gotta play with me .
,%mor,pron|you-Prs-Nom-S2 aux|gotta-Fin-S verb|play-Inf-S adp|with pron|I-Prs-Acc-S1 .
,%gra,1|3|NSUBJ 2|3|AUX 3|5|ROOT 4|5|CASE 5|3|OBL 6|3|PUNCT
,%xpho,<2w> dese
NOP,*KAR,why don't we all play ?
,%mor,adv|why aux|do-Fin-Ind-Pres-P1~part|not pron|we-Prs-Nom-P1 det|all-Def-Tot verb|play-Inf-S ?
,%gra,1|6|ADVMOD 2|6|AUX 3|6|ADVMOD 4|6|NSUBJ 5|4|DET 6|6|ROOT 7|6|PUNCT
NOP,*CHI,me too .
,%mor,pron|I-Prs-Acc-S1 adv|too .
,%gra,1|2|ROOT 2|1|ADVMOD 3|1|PUNCT
NOP,*CHI,look (.) five fifty dollars .
,%mor,verb|look-Fin-Imp-S num|five num|fifty noun|dollar-Plur .
,%gra,1|4|ROOT 2|3|COMPOUND 3|4|NUMMOD 4|1|OBJ 5|1|PUNCT
,%act,<1w> Showed a handful of play money from the game <aft> Putting her paper angel away
POL,*KAR,put it beside the tv okay ?
,%mor,verb|put-Fin-Imp-S pron|it-Prs-Acc-S3 adp|beside det|the-Def-Art noun|TV intj|okay ?
,%gra,1|6|ROOT 2|1|OBJ 3|5|CASE 4|5|DET 5|1|OBL 6|1|DISCOURSE 7|1|PUNCT
NOP,*CHI,right here ?
,%mor,adv|right adv|here ?
,%gra,1|2|ADVMOD 2|2|ROOT 3|2|PUNCT
,%act,Indicated the top
NOP,*KAR,beside the tv .
,%mor,adp|beside det|the-Def-Art noun|TV .
,%gra,1|3|CASE 2|3|DET 3|3|ROOT 4|3|PUNCT
NOP,*CHI,where ?
,%mor,adv|where ?
,%gra,1|1|ROOT 2|1|PUNCT
NOP,*KAR,beside the tv .
,%mor,adp|beside det|the-Def-Art noun|TV .
,%gra,1|3|CASE 2|3|DET 3|3|ROOT 4|3|PUNCT
NOP,*CHI,like that ?
,%mor,adp|like pron|that-Dem-S1 ?
,%gra,1|2|CASE 2|2|ROOT 3|2|PUNCT
,%add,asked Randy regarding Karen
NOP,*CHI,you can have these .
,%mor,pron|you-Prs-Nom-S2 aux|can-Fin-S verb|have-Inf-S pron|this-Dem-P1 .
,%gra,1|3|NSUBJ 2|3|AUX 3|4|ROOT 4|3|OBJ 5|3|PUNCT
,%exp,<1w> Markers from the game
,%xpho,<4w> des
,%act,<1w> Put it on top
NOP,*CHI,are we gonna have soup for supper ?
,%mor,aux|be-Fin-Ind-Pres-P1 pron|we-Prs-Nom-P1 adv|gonna verb|have-Inf-S noun|soup adp|for noun|supper ?
,%gra,1|4|AUX 2|4|NSUBJ 3|4|ADVMOD 4|7|ROOT 5|4|OBJ 6|7|CASE 7|4|OBL 8|4|PUNCT
NOP,*CHI,are we gonna eat soup for supper ?
,%mor,aux|be-Fin-Ind-Pres-P1 pron|we-Prs-Nom-P1 adv|gonna verb|eat-Inf-S noun|soup adp|for noun|supper ?
,%gra,1|4|AUX 2|4|NSUBJ 3|4|ADVMOD 4|7|ROOT 5|4|OBJ 6|7|CASE 7|4|OBL 8|4|PUNCT
NOP,*CHI,does she live here ?
,%mor,aux|do-Fin-Ind-Pres-S3 pron|she-Prs-Nom-S3 verb|live-Inf-S adv|here ?
,%gra,1|3|AUX 2|3|NSUBJ 3|4|ROOT 4|3|ADVMOD 5|3|PUNCT
NOP,*CHI,where does she sleep ?
,%mor,adv|where aux|do-Fin-Ind-Pres-S3 pron|she-Prs-Nom-S3 verb|sleep-Inf-S ?
,%gra,1|4|ADVMOD 2|4|AUX 3|4|NSUBJ 4|4|ROOT 5|4|PUNCT
NOP,*RAN,upstairs .
,%mor,noun|upstairs-Plur .
,%gra,1|1|ROOT 2|1|PUNCT
POL,*CHI,could I see ?
,%mor,aux|could-Fin-S pron|I-Prs-Nom-S1 verb|see-Inf-S ?
,%gra,1|3|AUX 2|3|NSUBJ 3|3|ROOT 4|3|PUNCT
NOP,*KAR,push it in there .
,%mor,verb|push-Fin-Imp-S pron|it-Prs-Acc-S3 adp|in adv|there .
,%gra,1|4|ROOT 2|1|OBJ 3|4|CASE 4|1|OBL 5|1|PUNCT
NOP,*CHI,push it here right ?
,%mor,verb|push-Fin-Imp-S pron|it-Prs-Acc-S3 adv|here adv|right ?
,%gra,1|4|ROOT 2|1|OBJ 3|1|ADVMOD 4|1|ADVMOD 5|1|PUNCT
,%exp,Peg in board
NOP,*CHI,that goes inside here .
,%mor,pron|that-Dem-S1 verb|go-Fin-Ind-Pres-S3 adv|inside adv|here .
,%gra,1|2|NSUBJ 2|4|ROOT 3|2|ADVMOD 4|2|ADVMOD 5|2|PUNCT
NOP,*CHI,want me push this hard ?
,%mor,verb|want-Fin-Imp-S pron|I-Prs-Acc-S1 verb|push-Inf-S pron|this-Dem-S1 adv|hard ?
,%gra,1|5|ROOT 2|1|OBJ 3|1|XCOMP 4|3|OBJ 5|3|ADVMOD 6|1|PUNCT
NOP,*CHI,push this in here .
,%mor,verb|push-Fin-Imp-S pron|this-Dem-S1 adp|in adv|here .
,%gra,1|4|ROOT 2|1|OBJ 3|4|CASE 4|1|OBL 5|1|PUNCT
NOP,*CHI,what's this ?
,%mor,pron|what-Int-S1~aux|be-Fin-Ind-Pres-S3 pron|this-Dem-S1 ?
,%gra,1|3|NSUBJ 2|3|COP 3|3|ROOT 4|3|PUNCT
NOP,*KAR,it's to keep score .
,%mor,pron|it-Prs-Nom-S3~aux|be-Fin-Ind-Pres-S3 part|to verb|keep-Inf-S noun|score .
,%gra,1|4|NSUBJ-OUTER 2|4|COP 3|4|MARK 4|5|ROOT 5|4|OBJ 6|4|PUNCT
NOP,*CHI,you gotta keep this in here .
,%mor,pron|you-Prs-Nom-S2 aux|gotta-Fin-S verb|keep-Inf-S pron|this-Dem-S1 adp|in adv|here .
,%gra,1|3|NSUBJ 2|3|AUX 3|6|ROOT 4|3|OBJ 5|6|CASE 6|3|OBL 7|3|PUNCT
NOP,*KAR,where's the box for the game Melissa ?
,%mor,adv|where~aux|be-Fin-Ind-Pres-S3 det|the-Def-Art noun|box adp|for det|the-Def-Art noun|game noun|Melissa ?
,%gra,1|8|ROOT 2|1|COP 3|4|DET 4|1|NSUBJ 5|7|CASE 6|7|DET 7|4|NMOD 8|7|APPOS 9|1|PUNCT
NOP,*CHI,where ?
,%mor,adv|where ?
,%gra,1|1|ROOT 2|1|PUNCT
,%gpx,Indicated it
NOP,*CHI,here ?
,%mor,adv|here ?
,%gra,1|1|ROOT 2|1|PUNCT
NOP,*KAR,what color is this ?
,%mor,det|what-Def-Int noun|color aux|be-Fin-Ind-Pres-S3 pron|this-Dem-S1 ?
,%gra,1|2|DET 2|4|NSUBJ 3|4|COP 4|4|ROOT 5|4|PUNCT
,%gpx,indicated red peg
NOP,*CHI,I don't know (.) red ?
,%mor,pron|I-Prs-Nom-S1 aux|do-Fin-Ind-Pres-S1~part|not verb|know-Inf-S adj|red-Pos-S1 ?
,%gra,1|4|NSUBJ 2|4|AUX 3|4|ADVMOD 4|5|ROOT 5|4|ADVMOD 6|4|PUNCT
NOP,*KAR,where do you live Melissa ?
,%mor,adv|where aux|do-Fin-Ind-Pres-S2 pron|you-Prs-Nom-S2 verb|live-Inf-S noun|Melissa ?
,%gra,1|4|ADVMOD 2|4|AUX 3|4|NSUBJ 4|5|ROOT 5|4|OBJ 6|4|PUNCT
NOP,*CHI,I live at my house .
,%mor,pron|I-Prs-Nom-S1 verb|live-Fin-Ind-Pres-S1 adp|at pron|my-Prs-Gen-S1 noun|house .
,%gra,1|2|NSUBJ 2|5|ROOT 3|5|CASE 4|5|NMOD-POSS 5|2|OBL 6|2|PUNCT
NOP,*KAR,where is your house ?
,%mor,adv|where aux|be-Fin-Ind-Pres-S3 pron|your-Prs-Gen-S2 noun|house ?
,%gra,1|4|ROOT 2|1|COP 3|4|NMOD-POSS 4|1|NSUBJ 5|1|PUNCT
NOP,*CHI,where's my house ?
,%mor,adv|where~aux|be-Fin-Ind-Pres-S3 pron|my-Prs-Gen-S1 noun|house ?
,%gra,1|4|ROOT 2|1|COP 3|4|NMOD-POSS 4|1|NSUBJ 5|1|PUNCT
NOP,*CHI,right down Tecumseh .
,%mor,adv|right adp|down noun|Tecumseh .
,%gra,1|3|ADVMOD 2|3|CASE 3|3|ROOT 4|3|PUNCT
,%xpho,<3w> testSumski .
NOP,*CHI,where's your house ?
,%mor,adv|where~aux|be-Fin-Ind-Pres-S3 pron|your-Prs-Gen-S2 noun|house ?
,%gra,1|4|ROOT 2|1|COP 3|4|NMOD-POSS 4|1|NSUBJ 5|1|PUNCT
NOP,*KAR,where's your mother ?
,%mor,adv|where~aux|be-Fin-Ind-Pres-S3 pron|your-Prs-Gen-S2 noun|mother ?
,%gra,1|4|ROOT 2|1|COP 3|4|NMOD-POSS 4|1|NSUBJ 5|1|PUNCT
NOP,*CHI,at work .
,%mor,adp|at noun|work .
,%gra,1|2|CASE 2|2|ROOT 3|2|PUNCT
NOP,*KAR,what's she doing there ?
,%mor,pron|what-Int-S1~aux|be-Fin-Ind-Pres-S3 pron|she-Prs-Nom-S3 verb|do-Part-Pres-S adv|there ?
,%gra,1|4|OBJ 2|4|AUX 3|4|NSUBJ 4|5|ROOT 5|4|ADVMOD 6|4|PUNCT
NOP,*CHI,cause she wants to .
,%mor,sconj|cause pron|she-Prs-Nom-S3 verb|want-Fin-Ind-Pres-S3 part|to .
,%gra,1|3|MARK 2|3|NSUBJ 3|4|ROOT 4|3|XCOMP 5|3|PUNCT
NOP,*CHI,one for you .
,%mor,num|one adp|for pron|you-Prs-Acc-S2 .
,%gra,1|3|ROOT 2|3|CASE 3|1|NMOD 4|1|PUNCT
,%act,<1w> Gave me a peg
NOP,*KAR,what's on the bottom of your shoes ?
,%mor,pron|what-Int-S1~aux|be-Fin-Ind-Pres-S3 adp|on det|the-Def-Art noun|bottom adp|of pron|your-Prs-Gen-S2 noun|shoe-Plur ?
,%gra,1|2|NSUBJ 2|8|ROOT 3|5|CASE 4|5|DET 5|2|OBL 6|8|CASE 7|8|NMOD-POSS 8|5|NMOD 9|2|PUNCT
NOP,*CHI,these ?
,%mor,pron|this-Dem-P1 ?
,%gra,1|1|ROOT 2|1|PUNCT
NOP,*KAR,yes .
,%mor,intj|yes .
,%gra,1|1|ROOT 2|1|PUNCT
NOP,*CHI,ties .
,%mor,noun|tie-Plur .
,%gra,1|1|ROOT 2|1|PUNCT
NOP,*KAR,what game ?
,%mor,det|what-Def-Int noun|game ?
,%gra,1|2|DET 2|2|ROOT 3|2|PUNCT
,%exp,asking which game do you want to play with
NOP,*CHI,this one .
,%mor,det|this-Def-Dem noun|one .
,%gra,1|2|DET 2|2|ROOT 3|2|PUNCT
NOP,*KAR,what's it called ?
,%mor,pron|what-Int-S1~aux|be-Fin-Ind-Pres-S3 pron|it-Prs-Nom-S3 verb|call-Part-Past-S ?
,%gra,1|4|OBJ 2|4|AUX-PASS 3|4|NSUBJ-PASS 4|4|ROOT 5|4|PUNCT
NOP,*CHI,your game .
,%mor,pron|your-Prs-Gen-S2 noun|game .
,%gra,1|2|NMOD-POSS 2|2|ROOT 3|2|PUNCT
NOP,*KAR,where did you get the game ?
,%mor,adv|where aux|do-Fin-Ind-Past-S2 pron|you-Prs-Nom-S2 verb|get-Inf-S det|the-Def-Art noun|game ?
,%gra,1|4|ADVMOD 2|4|AUX 3|4|NSUBJ 4|6|ROOT 5|6|DET 6|4|OBJ 7|4|PUNCT
NOP,*CHI,from his bedroom .
,%mor,adp|from pron|his-Prs-Gen-S3 noun|bedroom .
,%gra,1|3|CASE 2|3|NMOD-POSS 3|3|ROOT 4|3|PUNCT
,%gpx,Indicated Randy
NOP,*CHI,<are you gonna> [//] do you have Christmas trees here ?
,%mor,aux|do-Fin-Ind-Pres-S2 pron|you-Prs-Nom-S2 verb|have-Inf-S noun|Christmas noun|tree-Plur adv|here ?
,%gra,1|3|AUX 2|3|NSUBJ 3|6|ROOT 4|5|COMPOUND 5|3|OBJ 6|3|ADVMOD 7|3|PUNCT
NOP,*KAR,not yet .
,%mor,part|not adv|yet .
,%gra,1|2|ADVMOD 2|2|ROOT 3|2|PUNCT
NOP,*KAR,not in the house .
,%mor,part|not adp|in det|the-Def-Art noun|house .
,%gra,1|4|ADVMOD 2|4|CASE 3|4|DET 4|4|ROOT 5|4|PUNCT
NOP,*CHI,there's no one in the house ?
,%mor,pron|there-Int-S1~verb|be-Fin-Ind-Pres-S3 det|no-Def pron|one-Neg-S1 adp|in det|the-Def-Art noun|house ?
,%gra,1|2|EXPL 2|7|ROOT 3|4|DET 4|2|NSUBJ 5|7|CASE 6|7|DET 7|4|NMOD 8|2|PUNCT
NOP,*KAR,there's what ?
,%mor,pron|there-Int-S1~verb|be-Fin-Ind-Pres-S3 pron|what-Rel-S1 ?
,%gra,1|2|EXPL 2|3|ROOT 3|2|NSUBJ 4|2|PUNCT
NOP,*CHI,<there's no> [//] not one in the house .
,%mor,part|not num|one adp|in det|the-Def-Art noun|house .
,%gra,1|2|ADVMOD 2|5|ROOT 3|5|CASE 4|5|DET 5|2|NMOD 6|2|PUNCT
NOP,*KAR,what is Santa Claus going to bring you ?
,%mor,pron|what-Int-S1 aux|be-Fin-Ind-Pres-S3 noun|Santa noun|Claus verb|go-Part-Pres-S part|to verb|bring-Inf-S pron|you-Prs-Acc-S2 ?
,%gra,1|7|OBJ 2|5|AUX 3|5|NSUBJ 4|3|FLAT 5|8|ROOT 6|7|MARK 7|5|XCOMP 8|7|OBJ 9|5|PUNCT
NOP,*CHI,toys .
,%mor,noun|toy-Plur .
,%gra,1|1|ROOT 2|1|PUNCT
NOP,*KAR,what kind ?
,%mor,det|what-Def-Int noun|kind ?
,%gra,1|2|DET 2|2|ROOT 3|2|PUNCT
NOP,*CHI,dolls (.) telephones .
,%mor,noun|doll-Plur noun|telephone-Plur .
,%gra,1|2|COMPOUND 2|2|ROOT 3|2|PUNCT
NOP,*KAR,0 [=! laughed] .
,%com,"laughed as she repeated Melissa's comment ""come over and party"""
NOP,*CHI,think that's funny ?
,%mor,verb|think-Fin-Imp-S pron|that-Dem-S1~aux|be-Fin-Ind-Pres-S3 adj|funny-Pos-S1 ?
,%gra,1|4|ROOT 2|4|NSUBJ 3|4|COP 4|1|CCOMP 5|1|PUNCT
NOP,*CHI,you're not gonna tell me (.) my mother okay ?
,%mor,pron|you-Prs-Nom-S2~aux|be-Fin-Ind-Pres-S2 part|not adv|gonna verb|tell-Inf-S pron|I-Prs-Acc-S1 pron|my-Prs-Gen-S1 noun|mother intj|okay ?
,%gra,1|5|NSUBJ 2|5|AUX 3|5|ADVMOD 4|5|ADVMOD 5|9|ROOT 6|5|IOBJ 7|8|NMOD-POSS 8|5|IOBJ 9|5|DISCOURSE 10|5|PUNCT
,%add,Randy
NOP,*KAR,Randy works where your mother works .
,%mor,noun|Randy verb|work-Fin-Ind-Pres-S3 adv|where pron|your-Prs-Gen-S2 noun|mother verb|work-Fin-Ind-Pres-S3 .
,%gra,1|2|NSUBJ 2|6|ROOT 3|6|ADVMOD 4|5|NMOD-POSS 5|6|NSUBJ 6|2|ADVCL 7|2|PUNCT
NOP,*CHI,do you work at the [/] the star ?
,%mor,aux|do-Fin-Ind-Pres-S2 pron|you-Prs-Nom-S2 verb|work-Inf-S adp|at det|the-Def-Art noun|star ?
,%gra,1|3|AUX 2|3|NSUBJ 3|6|ROOT 4|6|CASE 5|6|DET 6|3|OBL 7|3|PUNCT
NOP,*KAR,yes he does .
,%mor,intj|yes pron|he-Prs-Nom-S3 verb|do-Fin-Ind-Pres-S3 .
,%gra,1|3|DISCOURSE 2|3|NSUBJ 3|3|ROOT 4|3|PUNCT
NOP,*CHI,I saw you there .
,%mor,pron|I-Prs-Nom-S1 verb|see-Fin-Ind-Past-S1 pron|you-Prs-Acc-S2 adv|there .
,%gra,1|2|NSUBJ 2|4|ROOT 3|2|OBJ 4|2|ADVMOD 5|2|PUNCT
,%xpho,<2w> s&wned
NOP,*KAR,when ?
,%mor,adv|when ?
,%gra,1|1|ROOT 2|1|PUNCT
NOP,*CHI,when I picked my mom up .
,%mor,adv|when pron|I-Prs-Nom-S1 verb|pick-Fin-Ind-Past-S1 pron|my-Prs-Gen-S1 noun|mom adv|up .
,%gra,1|3|ADVMOD 2|3|NSUBJ 3|6|ROOT 4|5|NMOD-POSS 5|3|OBJ 6|3|ADVMOD 7|3|PUNCT
NOP,*CHI,I'm gonna get a lots_of toys .
,%mor,pron|I-Prs-Nom-S1~aux|be-Fin-Ind-Pres-S1 adv|gonna verb|get-Inf-S det|a-Ind-Art noun|lotsof noun|toy-Plur .
,%gra,1|4|NSUBJ 2|4|AUX 3|4|ADVMOD 4|7|ROOT 5|7|DET 6|7|COMPOUND 7|4|OBJ 8|4|PUNCT
,%exp,<1w> for Christmas
,@End,